lat,lon,rainfall_mm_per_day,elevation_m,slope_percent,soil_type,built_up_percentage,distance_to_water_body_km,drainage_density,sar_backscatter_coefficient,surface_roughness_index,moisture_index,flood_risk_score,flood_risk_category
31.055771,75.610004,82.51,111.61,22.09,loamy,89.22,0.87,2.11,-24.26,0.219,0.505,0.41,Medium
30.879535,75.859954,163.48,110.22,17.68,clay,0.65,8.06,3.49,-16.49,0.155,0.957,0.44,Medium
30.837098,75.638687,254.25,301.86,24.21,clay,53.62,9.73,1.89,-11.2,0.829,0.619,0.559,Medium
31.030941,75.881829,13.75,113.95,8.68,sandy,23.28,1.01,1.39,-9.11,0.365,0.37,0.248,Low
30.906791,75.974662,194.41,304.57,5.13,clay,16.34,3.79,4.95,-9.0,0.557,0.685,0.472,Medium
31.1104,75.691619,9.63,157.73,8.03,sandy,94.29,8.76,1.57,-8.61,0.396,0.915,0.458,Medium
30.905952,75.698651,168.41,131.37,17.54,clay,39.94,2.19,4.99,-12.26,0.091,0.047,0.351,Medium
31.050978,75.916832,126.65,31.76,11.45,clay,52.91,9.71,4.3,-24.71,0.721,0.682,0.454,Medium
30.90673,75.856385,33.47,217.38,13.61,clay,87.59,2.63,2.5,-20.53,0.913,0.871,0.479,Medium
31.05558,75.843588,45.85,381.26,16.18,clay,53.04,0.01,1.62,-24.51,0.929,0.879,0.423,Medium
30.923006,75.62317,263.4,473.47,2.57,loamy,6.92,7.61,3.83,-21.79,0.475,0.55,0.359,Medium
31.148973,75.769255,63.54,269.65,21.9,sandy,31.17,9.95,3.25,-14.05,0.518,0.121,0.138,Low
30.935234,75.835323,69.03,110.11,2.13,loamy,22.89,9.05,4.3,-23.23,0.238,0.669,0.277,Low
30.852925,75.974206,171.31,236.34,23.54,clay,19.04,0.97,2.16,-14.41,0.467,0.729,0.47,Medium
31.193666,75.639367,120.79,169.65,25.85,sandy,19.02,4.49,2.11,-18.04,0.25,0.923,0.385,Medium
31.14454,75.82013,15.18,499.64,25.08,clay,92.64,8.49,0.83,-12.86,0.214,0.401,0.295,Low
30.951589,75.994124,79.56,392.04,13.65,loamy,95.73,9.95,2.78,-7.04,0.155,0.297,0.356,Medium
31.031672,75.816878,224.39,28.58,17.53,loamy,85.27,1.57,4.8,-23.0,0.186,0.595,0.684,High
30.894082,75.647955,267.09,123.11,17.84,loamy,41.92,5.84,2.61,-1.63,0.204,0.716,0.571,Medium
30.958314,75.868676,90.0,158.09,22.56,sandy,45.83,9.98,4.98,-23.17,0.213,0.265,0.237,Low
31.152346,75.951708,110.86,78.87,25.01,clay,61.17,9.87,3.27,-24.8,0.817,0.299,0.36,Medium
31.175572,75.653716,34.63,53.52,16.6,sandy,60.48,7.18,1.02,-9.14,0.264,0.489,0.367,Medium
31.138441,75.636919,127.07,138.34,0.11,clay,63.71,2.62,3.71,-11.21,0.428,0.01,0.389,Medium
31.153243,75.961571,163.68,417.3,17.48,sandy,12.74,3.08,4.49,-5.1,0.861,0.899,0.374,Medium
30.899812,75.641117,234.03,442.07,12.19,loamy,15.46,9.3,4.32,-0.59,0.811,0.881,0.423,Medium
31.094626,75.732874,279.24,401.12,25.92,clay,26.68,7.87,0.54,-3.2,0.859,0.222,0.465,Medium
30.984121,75.722076,238.6,113.8,0.71,sandy,32.83,8.64,4.83,-18.02,0.641,0.4,0.452,Medium
31.014486,75.975695,34.6,485.2,5.36,clay,26.55,1.08,2.17,-6.79,0.314,0.606,0.313,Low
30.954078,75.830635,76.42,354.39,0.05,clay,53.85,7.19,3.71,-8.23,0.364,0.07,0.294,Low
30.93208,75.725566,254.4,359.88,9.01,sandy,40.84,4.02,1.48,-21.82,0.42,0.94,0.566,Medium
31.161122,75.846206,90.28,273.97,0.01,sandy,42.99,5.8,3.27,-13.38,0.442,0.214,0.275,Low
31.160472,75.91841,50.91,42.4,15.46,loamy,33.52,8.18,3.76,-8.18,0.225,0.199,0.21,Low
30.897937,75.790055,254.92,36.41,12.43,loamy,19.44,6.96,2.47,-18.9,0.656,0.006,0.38,Medium
31.108018,75.642635,127.54,87.94,28.74,loamy,5.02,2.49,4.24,-13.59,0.801,0.668,0.343,Medium
31.038181,75.980016,267.43,306.33,21.58,loamy,83.06,5.48,4.49,-6.41,0.475,0.259,0.593,Medium
31.055065,75.906325,156.39,313.37,8.24,sandy,28.57,2.72,1.6,-11.5,0.138,0.231,0.338,Medium
31.082568,75.625692,122.28,271.31,12.47,sandy,42.01,9.05,2.92,-7.61,0.857,0.766,0.39,Medium
30.802358,75.740704,226.04,426.72,28.6,loamy,74.75,5.46,3.02,-19.49,0.219,0.436,0.514,Medium
30.934452,75.871657,121.3,82.52,14.02,sandy,62.23,0.27,1.97,-10.89,0.027,0.643,0.477,Medium
30.984679,75.620114,113.73,105.83,9.81,clay,37.91,7.52,4.16,-18.69,0.082,0.019,0.291,Low
31.199963,75.739984,195.04,390.62,19.55,clay,94.96,1.99,0.1,-21.19,0.126,0.669,0.607,Medium
30.887186,75.879786,230.07,83.89,18.22,clay,11.45,8.19,4.82,-22.3,0.026,0.312,0.392,Medium
31.183269,75.758662,214.5,38.0,20.72,loamy,10.19,7.72,4.25,-9.99,0.121,0.984,0.5,Medium
30.938882,75.771351,111.17,252.98,10.24,clay,82.23,1.06,4.8,-9.11,0.829,0.707,0.525,Medium
31.093518,75.986189,81.02,404.1,16.15,loamy,43.56,7.31,1.34,-3.71,0.831,0.087,0.236,Low
30.897545,75.785883,183.1,189.49,0.86,clay,18.18,2.12,3.99,-16.49,0.88,0.701,0.478,Medium
30.80406,75.979225,25.68,360.04,14.66,clay,69.06,6.46,2.45,-5.18,0.093,0.222,0.302,Low
30.922482,75.832622,141.98,265.46,12.77,clay,33.08,7.03,1.35,-18.71,0.121,0.193,0.321,Low
31.014346,75.904876,55.54,108.19,14.53,clay,97.66,5.25,1.41,-22.49,0.194,0.227,0.402,Medium
30.805659,75.813654,82.29,487.15,16.6,loamy,12.63,8.68,2.45,-3.18,0.574,0.469,0.2,Low
30.873745,75.620551,282.32,238.86,24.66,loamy,7.41,6.29,0.27,-21.27,0.563,0.304,0.412,Medium
30.847381,75.905777,181.9,395.37,6.77,loamy,45.05,4.43,4.3,-0.25,0.305,0.621,0.445,Medium
31.096036,75.979036,62.34,105.51,19.81,sandy,17.38,0.75,0.01,-13.74,0.594,0.291,0.259,Low
31.082782,75.881195,136.21,343.69,27.72,clay,62.51,6.61,4.67,-14.37,0.545,0.648,0.434,Medium
31.130652,75.628564,49.78,153.81,22.47,loamy,28.86,1.24,3.44,-7.51,0.943,0.5,0.283,Low
30.832177,75.615944,129.61,161.16,7.51,sandy,96.19,8.36,2.88,-1.23,1.0,0.672,0.529,Medium
30.816093,75.902508,141.15,325.75,27.48,sandy,58.53,6.35,2.46,-22.72,0.348,0.333,0.319,Low
31.143093,75.731921,208.1,144.11,28.36,clay,55.01,4.55,1.57,-16.92,0.97,0.404,0.501,Medium
31.195248,75.863064,162.78,206.62,5.63,sandy,75.64,6.25,3.8,-19.91,0.549,0.928,0.537,Medium
31.0793,75.64857,291.94,304.44,7.18,sandy,55.08,5.52,0.47,-0.19,0.913,0.461,0.573,Medium
31.132857,75.79935,214.98,254.44,8.2,clay,98.02,2.44,2.76,-15.41,0.922,0.508,0.743,High
31.145611,75.710499,237.0,207.47,28.03,loamy,82.05,2.83,1.49,-10.33,0.999,0.49,0.647,Medium
31.015432,75.73805,165.58,271.72,13.66,sandy,18.87,6.97,2.86,-19.16,0.776,0.044,0.243,Low
31.082091,75.924564,115.82,331.84,24.62,clay,49.53,0.37,2.51,-10.25,0.87,0.874,0.482,Medium
31.01038,75.782771,216.73,204.99,19.64,sandy,46.95,9.69,1.69,-7.68,0.65,0.852,0.541,Medium
31.143737,75.752004,95.0,359.36,22.78,clay,3.59,0.68,3.16,-1.98,0.997,0.747,0.35,Medium
30.839377,75.853499,261.77,221.84,20.82,clay,4.6,7.96,1.47,-15.63,0.146,0.531,0.465,Medium
31.117008,75.667993,23.69,435.42,18.59,sandy,91.28,1.43,2.31,-18.65,0.255,0.009,0.235,Low
31.160484,75.871044,47.39,220.86,10.37,loamy,63.89,4.24,1.25,-3.87,0.199,0.385,0.349,Medium
30.894882,75.828769,172.44,496.35,8.86,clay,65.82,2.74,2.83,-7.86,0.745,0.049,0.396,Medium
30.998691,75.961662,85.86,399.43,18.21,sandy,63.66,6.21,3.39,-6.98,0.659,0.838,0.397,Medium
31.161361,75.858536,92.68,220.41,17.39,clay,9.01,2.95,3.74,-20.61,0.132,0.539,0.321,Low
31.012341,75.965395,249.14,128.49,24.74,loamy,80.65,7.47,1.69,-22.12,0.963,0.141,0.592,Medium
31.144056,75.889687,293.98,483.63,24.14,sandy,79.07,0.14,2.68,-13.63,0.673,0.672,0.698,High
31.128967,75.976117,32.5,116.91,0.75,clay,56.14,9.15,1.11,-23.42,0.824,0.909,0.44,Medium
30.963318,75.655911,283.88,152.18,14.78,sandy,88.73,1.36,2.27,-8.24,0.743,0.946,0.846,High
31.096908,75.661809,124.47,49.51,14.68,loamy,95.15,0.33,1.85,-13.92,0.951,0.855,0.587,Medium
31.074272,75.817786,293.35,179.34,11.94,sandy,12.22,8.48,2.27,-8.43,0.642,0.597,0.48,Medium
31.114718,75.697428,37.78,282.29,2.06,clay,20.72,2.16,4.35,-16.79,0.148,0.901,0.342,Medium
31.143362,75.657875,39.0,125.33,5.23,loamy,2.58,0.15,3.95,-19.05,0.324,0.174,0.149,Low
31.096687,75.810434,223.7,238.12,23.34,loamy,10.91,5.04,4.73,-23.92,0.783,0.867,0.413,Medium
30.983217,75.98561,18.25,239.49,12.05,loamy,49.03,9.1,0.37,-22.98,0.608,0.066,0.157,Low
31.053231,75.819343,97.56,497.31,15.92,loamy,60.54,0.99,3.51,-3.68,0.651,0.769,0.408,Medium
30.886009,75.780622,68.55,169.47,13.6,loamy,9.51,4.27,3.33,-15.64,0.153,0.923,0.312,Low
31.132709,75.637292,28.97,369.4,24.35,loamy,58.65,5.62,1.65,-21.94,0.354,0.665,0.286,Low
31.147237,75.888424,290.52,300.21,10.55,loamy,21.27,6.57,1.12,-22.29,0.845,0.368,0.451,Medium
31.02964,75.922889,253.55,487.27,24.55,loamy,64.27,0.26,4.65,-4.26,0.267,0.18,0.432,Medium
30.923594,75.73593,1.83,434.93,16.99,loamy,14.19,6.33,0.15,-6.35,0.215,0.42,0.147,Low
30.948021,75.888638,233.05,283.8,2.55,sandy,15.74,6.18,3.37,-18.2,0.662,0.486,0.397,Medium
30.909267,75.901977,34.15,214.96,8.5,loamy,48.66,6.67,0.23,-15.12,0.599,0.008,0.202,Low
30.884494,75.654894,76.66,164.06,0.23,clay,17.57,3.8,3.52,-12.49,0.833,0.806,0.394,Medium
31.144706,75.616921,5.62,460.58,25.86,loamy,57.34,7.09,2.09,-22.12,0.021,0.325,0.162,Low
31.04725,75.93281,275.93,44.06,25.33,sandy,58.89,5.24,1.98,-17.24,0.34,0.333,0.516,Medium
31.004193,75.645611,152.99,452.96,10.48,clay,81.89,8.15,1.18,-21.34,0.197,0.602,0.494,Medium
31.062204,75.670858,231.85,247.06,22.63,clay,44.89,9.24,2.82,-9.12,0.625,0.864,0.57,Medium
30.860383,75.627315,132.66,151.41,8.24,sandy,50.73,3.1,2.26,-23.58,0.832,0.077,0.335,Medium
31.142117,75.846003,152.12,231.36,16.63,clay,89.59,4.5,4.05,-8.7,0.322,0.476,0.508,Medium
30.824749,75.641401,269.74,171.72,21.43,loamy,17.26,2.48,2.19,-14.01,0.523,0.159,0.399,Medium
30.913157,75.763508,101.51,298.94,23.68,loamy,6.59,0.95,3.39,-17.9,0.724,0.657,0.289,Low
31.149312,75.733345,174.82,70.71,10.49,clay,69.85,3.92,2.98,-1.55,0.31,0.377,0.567,Medium
31.125274,75.868047,248.69,369.39,20.56,loamy,64.6,4.23,1.81,-15.94,0.18,0.214,0.459,Medium
30.994508,75.690617,41.27,38.58,25.33,sandy,77.09,8.35,4.42,-24.06,0.337,0.766,0.35,Medium
30.950688,75.664899,249.4,385.55,24.27,sandy,43.77,4.11,3.38,-19.06,0.444,0.285,0.394,Medium
30.979571,75.813604,92.84,404.31,14.07,clay,36.78,9.47,4.92,-13.46,0.282,0.382,0.266,Low
31.186507,75.926756,240.38,69.2,7.5,loamy,87.41,5.55,0.51,-3.85,0.851,0.285,0.716,High
30.909117,75.962122,44.2,218.74,28.39,sandy,45.11,3.5,0.13,-23.67,0.502,0.236,0.244,Low
30.949965,75.611275,279.25,419.59,19.5,clay,13.76,2.87,4.15,-7.6,0.139,0.706,0.508,Medium
30.8021,75.63169,76.78,417.48,16.46,clay,52.78,1.11,1.44,-17.47,0.048,0.42,0.362,Medium
30.982845,75.644343,271.54,298.37,0.49,loamy,24.19,1.44,2.15,-9.63,0.241,0.417,0.501,Medium
30.834246,75.989862,20.3,263.03,15.22,clay,55.42,3.9,2.35,-9.11,0.981,0.254,0.273,Low
31.115408,75.737921,219.88,314.13,23.15,clay,33.25,0.44,2.73,-4.66,0.175,0.779,0.551,Medium
31.078156,75.852694,243.45,31.55,23.29,loamy,29.34,0.44,1.0,-23.95,0.933,0.515,0.519,Medium
31.017212,75.701326,225.99,95.55,10.71,clay,86.58,3.32,0.62,-15.8,0.889,0.743,0.822,High
30.954658,75.989489,148.86,248.76,27.73,loamy,80.11,7.27,0.39,-9.94,0.822,0.545,0.455,Medium
30.832028,75.864368,91.95,301.31,12.78,loamy,35.15,0.42,4.35,-16.19,0.998,0.275,0.277,Low
31.179162,75.630016,191.25,181.66,24.03,loamy,95.28,1.43,3.04,-5.47,0.035,0.067,0.481,Medium
30.946531,75.753142,170.17,302.55,20.37,clay,37.2,7.63,2.87,-11.76,0.398,0.65,0.43,Medium
30.845379,75.89427,149.71,193.49,16.85,sandy,26.03,4.46,4.98,-17.86,0.916,0.491,0.31,Low
31.141131,75.780817,269.6,222.56,2.63,loamy,84.55,3.2,1.74,-23.38,0.542,0.891,0.802,High
31.084724,75.97093,191.31,396.85,15.26,sandy,20.1,1.39,3.95,-24.34,0.554,0.369,0.318,Low
31.020659,75.844779,25.86,154.65,29.99,clay,52.57,7.69,4.12,-23.16,0.972,0.642,0.301,Low
31.072044,75.737806,263.39,390.13,19.19,sandy,96.63,4.33,4.55,-23.61,0.124,0.153,0.549,Medium
30.929064,75.883733,103.81,470.45,26.85,clay,25.06,6.35,2.75,-21.87,0.303,0.533,0.269,Low
30.867454,75.976643,46.26,329.37,21.62,loamy,84.25,5.64,4.13,-24.29,0.045,0.641,0.326,Low
31.060452,75.906784,124.98,319.5,14.94,loamy,28.97,9.57,2.41,-4.88,0.685,0.297,0.255,Low
30.823965,75.775842,145.28,102.01,18.2,sandy,71.84,7.34,4.3,-0.62,0.131,0.371,0.434,Medium
30.927646,75.786589,80.24,123.96,2.9,sandy,38.41,6.15,1.24,-3.37,0.16,0.327,0.346,Medium
30.925086,75.905249,149.48,257.36,14.96,sandy,2.32,9.45,2.53,-0.83,0.215,0.353,0.256,Low
30.997958,75.952936,196.28,235.29,16.1,clay,43.09,8.82,3.64,-5.9,0.366,0.401,0.449,Medium
30.877862,75.821289,22.06,252.13,22.93,sandy,98.91,6.8,0.59,-0.62,0.394,0.795,0.443,Medium
31.175579,75.901986,59.72,254.56,15.0,sandy,13.7,3.33,2.37,-13.58,0.606,0.516,0.24,Low
31.045227,75.665001,297.18,369.66,8.98,sandy,82.83,5.32,3.54,-17.51,0.816,0.368,0.657,Medium
31.191959,75.833481,239.03,362.66,20.64,sandy,47.46,9.67,3.91,-5.6,0.578,0.721,0.476,Medium
30.868205,75.85161,185.92,420.58,4.43,loamy,3.16,9.48,0.55,-24.53,0.314,0.151,0.237,Low
30.964151,75.909989,276.16,436.41,22.08,sandy,13.81,2.07,1.63,-8.44,0.525,0.314,0.386,Medium
31.16485,75.736931,106.29,385.99,21.63,loamy,69.33,6.1,0.96,-18.84,0.558,0.225,0.318,Low
30.919046,75.715602,62.18,352.49,9.51,sandy,93.37,7.95,1.37,-21.95,0.677,0.38,0.36,Medium
31.127351,75.981844,241.38,145.23,8.63,clay,34.64,4.42,1.28,-13.02,0.202,0.539,0.581,Medium
31.078469,75.654909,184.7,293.42,7.27,loamy,53.1,6.38,0.26,-14.67,0.717,0.101,0.387,Medium
30.802073,75.820141,278.73,203.45,28.05,clay,47.74,1.99,4.82,-16.97,0.646,0.908,0.61,Medium
31.029653,75.814061,216.94,468.33,27.4,sandy,88.22,1.76,4.6,-0.07,0.397,0.495,0.616,Medium
31.184853,75.970416,263.02,4.63,17.04,sandy,98.3,2.85,4.95,-11.42,0.494,0.939,0.846,High
30.987208,75.677125,33.79,81.25,13.77,sandy,18.62,7.37,3.95,-10.81,0.757,0.175,0.183,Low
31.158817,75.930796,154.58,43.37,20.08,sandy,14.06,3.24,1.24,-18.48,0.236,0.754,0.444,Medium
30.920778,75.889153,3.43,326.84,20.78,sandy,11.82,3.07,2.03,-12.44,0.895,0.704,0.2,Low
30.846966,75.966452,88.51,307.31,6.57,sandy,15.32,7.48,3.03,-14.6,0.549,0.471,0.246,Low
31.065638,75.687365,74.24,377.37,26.19,sandy,44.67,7.04,0.39,-10.9,0.062,0.548,0.293,Low
31.029081,75.659941,98.44,260.17,3.49,sandy,58.31,0.91,2.55,-4.78,0.453,0.513,0.418,Medium
30.823095,75.784951,242.07,361.64,11.88,clay,74.58,5.78,0.23,-16.39,0.064,0.994,0.801,High
30.827608,75.97351,9.52,204.43,23.07,clay,97.83,6.46,2.1,-0.18,0.382,0.87,0.512,Medium
30.950258,75.873092,198.54,269.65,19.61,sandy,17.85,5.37,2.64,-6.8,0.223,0.003,0.262,Low
30.919345,75.8694,163.33,265.97,24.7,sandy,34.62,2.76,4.69,-6.87,0.113,0.809,0.422,Medium
31.106421,75.953503,4.69,103.04,3.03,sandy,59.78,7.03,0.24,-6.49,0.402,0.234,0.284,Low
31.145492,75.622578,151.17,144.63,24.47,clay,31.89,5.98,3.36,-16.98,0.302,0.143,0.333,Medium
30.888417,75.7202,18.29,474.26,26.39,clay,62.6,4.27,2.48,-0.69,0.942,0.671,0.353,Medium
30.927494,75.76653,44.77,188.23,22.63,loamy,84.93,3.01,3.54,-4.86,0.915,0.562,0.41,Medium
31.022915,75.653637,72.86,101.67,19.4,clay,84.71,0.92,3.62,-20.24,0.268,0.674,0.497,Medium
31.149448,75.675265,228.51,362.15,16.77,loamy,86.95,3.33,4.79,-24.62,0.937,0.962,0.665,High
31.199829,75.791568,72.78,302.2,6.14,clay,55.21,7.76,1.9,-11.66,0.359,0.262,0.334,Medium
30.998911,75.639443,294.4,234.75,25.19,clay,37.07,4.14,2.81,-19.47,0.146,0.261,0.511,Medium
31.031657,75.767031,45.72,164.93,11.4,clay,49.93,6.55,3.42,-18.57,0.822,0.967,0.439,Medium
30.996238,75.667293,238.49,84.63,21.61,loamy,91.69,5.42,3.21,-23.53,0.034,0.847,0.75,High
31.067286,75.905736,123.72,421.27,6.94,clay,0.91,5.06,1.87,-9.55,0.667,0.617,0.339,Medium
30.995142,75.602645,165.49,5.93,15.88,sandy,97.75,0.17,4.07,-8.15,0.806,0.91,0.642,Medium
30.838526,75.659559,57.58,263.23,24.46,sandy,39.69,3.73,2.03,-10.87,0.99,0.226,0.235,Low
31.139147,75.861494,257.47,379.79,2.81,sandy,55.27,0.56,0.05,-20.72,0.5,0.434,0.541,Medium
31.026343,75.943184,28.61,264.08,1.28,sandy,86.81,8.88,2.38,-23.84,0.074,0.926,0.433,Medium
31.025404,75.613161,278.63,157.24,28.84,loamy,75.23,7.13,1.99,-23.08,0.162,0.24,0.609,Medium
30.955663,75.95861,99.52,377.8,4.2,clay,72.42,5.01,4.87,-23.66,0.437,0.839,0.452,Medium
31.107602,75.981943,119.01,386.78,0.89,sandy,99.26,4.91,1.78,-1.47,0.432,0.68,0.536,Medium
30.834278,75.847446,239.42,356.55,2.46,sandy,71.17,6.34,3.7,-17.08,0.107,0.005,0.497,Medium
30.943967,75.707907,39.75,93.7,13.47,loamy,40.8,0.26,1.77,-22.67,0.598,0.324,0.276,Low
30.916739,75.75512,25.41,450.57,27.16,clay,57.2,1.7,1.9,-21.53,0.301,0.493,0.265,Low
30.973871,75.768441,145.27,38.46,7.55,sandy,62.5,5.94,0.98,-22.33,0.305,0.949,0.549,Medium
31.048077,75.921631,98.86,167.37,24.46,clay,97.42,1.36,1.6,-1.32,0.201,0.314,0.525,Medium
31.18749,75.716579,208.49,245.5,17.28,sandy,37.61,8.16,1.96,-22.15,0.564,0.592,0.421,Medium
31.072685,75.82004,285.9,230.81,21.25,loamy,29.13,6.93,4.09,-5.11,0.409,0.499,0.482,Medium
30.896808,75.863465,214.57,394.54,2.22,clay,47.92,4.01,2.53,-1.99,0.692,0.544,0.549,Medium
30.943812,75.958201,161.07,319.09,2.55,clay,65.76,3.55,3.23,-23.89,0.984,0.677,0.508,Medium
31.101073,75.986287,129.14,5.27,7.76,loamy,51.88,5.81,2.88,-13.86,0.391,0.772,0.491,Medium
31.000186,75.737987,7.37,52.27,12.48,clay,11.61,9.41,0.71,-17.2,0.455,0.207,0.202,Low
30.990465,75.775266,209.03,159.45,9.01,clay,11.51,8.49,3.24,-8.07,0.164,0.984,0.531,Medium
30.869781,75.664054,167.95,479.23,6.96,loamy,18.45,6.4,2.16,-24.27,0.614,0.197,0.238,Low
30.955534,75.881894,61.74,376.16,24.26,sandy,10.18,8.72,0.93,-16.85,0.458,0.262,0.147,Low
31.011086,75.855643,179.09,305.65,17.61,sandy,84.55,6.17,4.07,-7.35,0.297,0.614,0.478,Medium
30.853579,75.647145,91.61,91.52,20.8,loamy,41.82,1.38,1.92,-20.36,0.636,0.693,0.4,Medium
31.19996,75.821965,146.89,70.15,9.44,loamy,5.36,3.59,0.05,-21.59,0.815,0.964,0.459,Medium
30.997988,75.873879,124.69,419.95,14.66,sandy,3.09,7.61,1.46,-18.13,0.538,0.168,0.165,Low
31.097007,75.906368,164.92,56.61,3.43,clay,82.33,3.67,4.11,-23.96,0.719,0.546,0.584,Medium
30.840967,75.932028,225.4,148.85,29.98,loamy,34.86,8.17,2.2,-0.15,0.776,0.237,0.412,Medium
31.03517,75.740252,213.23,316.39,4.98,sandy,20.66,2.07,0.3,-16.23,0.281,0.539,0.438,Medium
31.081622,75.715733,80.2,429.01,29.56,loamy,9.52,9.63,3.93,-2.03,0.992,0.867,0.231,Low
31.146432,75.699871,213.42,414.24,22.84,loamy,48.95,5.77,1.34,-14.64,0.452,0.634,0.461,Medium
30.837238,75.806245,83.47,468.17,11.07,clay,32.73,0.02,3.87,-6.68,0.731,0.458,0.333,Medium
30.943289,75.625332,160.33,108.91,12.89,sandy,26.85,8.28,1.69,-10.55,0.566,0.485,0.382,Medium
31.073021,75.619364,29.87,391.94,13.79,sandy,85.77,4.41,0.0,-1.05,0.202,0.689,0.399,Medium
31.059999,75.663591,279.82,137.01,19.64,sandy,37.18,9.04,0.83,-15.09,0.306,0.699,0.54,Medium
31.062194,75.881479,0.33,238.4,3.98,sandy,68.0,0.09,3.48,-4.57,0.988,0.422,0.307,Low
30.828331,75.753228,219.23,51.21,9.4,clay,13.71,7.73,3.77,-21.67,0.993,0.143,0.381,Medium
30.80339,75.860008,132.03,361.22,18.84,sandy,41.17,6.87,4.3,-22.83,0.1,0.752,0.342,Medium
30.953613,75.985299,94.35,69.92,8.31,sandy,55.34,6.0,3.04,-5.53,0.69,0.848,0.482,Medium
30.92066,75.8071,152.86,373.92,8.87,sandy,89.79,9.55,2.47,-22.18,0.5,0.594,0.446,Medium
31.191079,75.994753,280.18,65.99,25.82,loamy,36.54,6.83,3.81,-1.14,0.77,0.017,0.409,Medium
30.904874,75.615931,18.14,394.64,15.2,loamy,50.1,4.15,3.51,-22.94,0.537,0.616,0.227,Low
30.923963,75.804522,60.96,404.03,16.09,sandy,63.43,8.35,3.41,-23.35,0.699,0.73,0.318,Low
30.823162,75.634485,130.35,226.69,18.26,sandy,74.17,7.41,0.6,-7.3,0.701,0.164,0.396,Medium
31.009202,75.913195,216.23,83.48,3.81,clay,26.88,8.86,3.86,-24.27,0.807,0.272,0.402,Medium
31.084929,75.830661,23.12,227.6,10.8,loamy,56.69,3.68,1.28,-22.43,0.574,0.723,0.331,Medium
31.00353,75.617615,258.88,122.28,14.15,sandy,15.01,9.31,4.29,-11.18,0.914,0.741,0.474,Medium
30.928721,75.766503,216.09,135.63,2.34,sandy,50.2,9.02,0.9,-4.89,0.981,0.954,0.595,Medium
30.986038,75.712923,253.45,163.65,16.59,sandy,20.07,5.64,1.52,-9.43,0.464,0.592,0.489,Medium
31.109045,75.678169,270.13,380.24,7.35,sandy,41.0,2.33,1.73,-4.01,0.877,0.951,0.597,Medium
31.062922,75.939602,218.16,51.97,15.89,sandy,49.2,0.6,4.98,-7.21,0.093,0.921,0.613,Medium
31.007904,75.880339,111.75,487.28,2.55,sandy,13.35,8.2,0.37,-10.8,0.435,0.964,0.353,Medium
30.904396,75.726004,240.25,350.36,22.06,sandy,27.2,0.75,1.01,-5.5,0.585,0.155,0.381,Medium
30.986422,75.762605,160.78,482.32,6.23,sandy,26.5,1.2,0.79,-7.85,0.826,0.697,0.398,Medium
31.13437,75.731117,27.36,124.11,10.67,loamy,67.72,2.6,4.95,-24.22,0.404,0.452,0.31,Low
30.899941,75.784817,241.17,69.9,0.36,clay,98.26,1.31,4.12,-15.69,0.63,0.645,0.826,High
30.903528,75.925099,6.54,32.24,27.07,loamy,12.88,9.05,4.15,-16.71,0.043,0.461,0.139,Low
31.029554,75.928674,118.5,14.74,20.5,sandy,21.47,1.87,1.4,-2.91,0.035,0.619,0.409,Medium
30.918042,75.764797,165.21,30.49,8.39,sandy,19.95,8.85,2.63,-9.23,0.802,0.795,0.475,Medium
31.112766,75.743645,163.36,242.34,27.38,loamy,38.84,1.8,1.59,-19.52,0.896,0.779,0.421,Medium
31.196613,75.811773,230.05,499.8,29.22,sandy,65.69,2.67,4.08,-2.07,0.056,0.996,0.542,Medium
31.138602,75.918956,106.44,419.61,25.36,sandy,59.25,8.06,3.49,-2.15,0.028,0.701,0.377,Medium
31.025443,75.825244,56.47,494.0,26.45,loamy,30.91,4.9,0.45,-19.18,0.219,0.526,0.193,Low
31.167158,75.680586,39.15,358.47,27.56,clay,32.36,0.22,2.93,-2.07,0.774,0.846,0.385,Medium
31.184224,75.749436,282.58,197.8,3.03,sandy,13.65,1.58,4.74,-5.2,0.961,0.649,0.516,Medium
31.187497,75.877424,278.65,393.5,6.7,loamy,17.54,3.07,3.44,-21.82,0.729,0.949,0.538,Medium
30.956641,75.997713,289.56,16.19,18.07,clay,96.75,2.21,2.83,-1.58,0.141,0.745,0.896,High
31.192952,75.667155,265.6,44.36,21.27,loamy,88.67,4.47,1.33,-18.76,0.068,0.257,0.661,High
30.800512,75.754375,219.78,484.55,26.54,loamy,37.87,5.46,0.51,-13.01,0.864,0.651,0.434,Medium
30.865063,75.629484,253.73,147.45,9.56,clay,7.42,1.7,1.88,-6.7,0.547,0.898,0.596,Medium
31.037612,75.845458,144.82,15.5,28.27,sandy,88.98,1.57,0.51,-19.86,0.19,0.697,0.568,Medium
31.09199,75.706106,84.46,118.77,1.49,loamy,83.99,1.54,1.8,-14.31,0.295,0.662,0.508,Medium
30.87987,75.610294,51.25,145.91,2.46,clay,30.84,3.97,2.45,-8.47,0.091,0.544,0.365,Medium
31.154197,75.747761,133.73,131.65,13.95,sandy,26.86,0.62,3.76,-8.31,0.086,0.344,0.351,Medium
31.188282,75.835891,166.08,420.4,24.55,loamy,53.55,8.67,2.37,-2.96,0.476,0.079,0.307,Low
31.085722,75.800841,270.14,400.23,20.33,loamy,12.03,7.57,0.86,-0.39,0.972,0.808,0.48,Medium
30.96935,75.995312,130.62,498.63,18.82,clay,25.79,9.11,4.57,-23.32,0.388,0.397,0.236,Low
30.91048,75.783263,262.04,393.28,18.69,loamy,41.96,4.14,0.74,-10.3,0.758,0.94,0.592,Medium
31.025074,75.640396,85.83,267.82,10.32,loamy,38.3,4.86,3.04,-24.06,0.275,0.144,0.222,Low
31.077465,75.615513,266.87,165.75,7.13,clay,92.08,8.97,0.1,-4.57,0.303,0.28,0.757,High
31.078473,75.639287,260.67,67.19,29.23,loamy,82.58,2.69,2.08,-8.86,0.188,0.211,0.667,High
31.096378,75.903797,260.16,410.51,15.46,sandy,31.11,5.07,0.68,-3.72,0.879,0.029,0.368,Medium
31.133172,75.934791,74.85,228.22,27.54,clay,27.4,8.24,2.53,-9.11,0.124,0.031,0.204,Low
31.037617,75.671033,261.14,293.44,10.49,sandy,89.45,7.49,3.44,-17.87,0.387,0.163,0.592,Medium
31.185967,75.942844,194.21,338.85,8.07,loamy,2.01,7.8,3.84,-24.78,0.912,0.647,0.323,Low
30.803385,75.700956,241.53,152.73,29.01,loamy,42.38,3.76,1.74,-18.7,0.467,0.677,0.522,Medium
30.958861,75.640925,153.45,331.18,25.3,sandy,64.73,6.09,1.49,-22.3,0.064,0.988,0.488,Medium
31.144597,75.704459,213.33,446.19,8.96,sandy,76.55,9.0,4.03,-4.94,0.6,0.661,0.607,Medium
31.088513,75.86216,299.24,129.71,12.56,sandy,3.53,7.08,2.86,-20.25,0.727,0.222,0.401,Medium
31.113959,75.962611,201.56,253.66,25.36,clay,87.65,1.81,0.49,-21.8,0.259,0.808,0.748,High
30.873227,75.871885,100.69,44.65,10.66,clay,30.71,7.88,1.66,-18.49,0.294,0.851,0.461,Medium
31.146557,75.83343,283.29,35.61,26.68,loamy,86.75,3.82,1.49,-23.65,0.854,0.137,0.639,Medium
30.963677,75.827761,271.99,228.79,9.49,clay,77.89,4.88,3.16,-20.58,0.634,0.005,0.611,Medium
31.104477,75.667442,229.35,244.79,22.91,sandy,61.45,6.33,2.02,-0.87,0.383,0.038,0.407,Medium
30.949241,75.605631,96.66,416.61,5.72,loamy,62.67,2.49,3.47,-16.39,0.129,0.384,0.33,Low
30.866808,75.929538,89.46,145.41,21.83,loamy,33.78,8.88,4.98,-16.43,0.901,0.359,0.224,Low
31.179234,75.967282,121.02,114.21,21.82,sandy,73.41,5.9,0.84,-15.84,0.651,0.037,0.362,Medium
30.902316,75.813893,14.58,497.34,19.86,loamy,1.97,6.9,2.08,-15.49,0.547,0.474,0.081,Low
31.078077,75.852125,90.33,330.83,19.87,sandy,60.56,1.37,4.15,-22.38,0.719,0.118,0.227,Low
30.842505,75.679459,59.92,131.5,15.69,sandy,70.34,2.95,0.2,-12.59,0.208,0.933,0.486,Medium
30.801095,75.868653,272.06,417.62,20.07,sandy,9.01,5.12,3.62,-22.47,0.256,0.231,0.332,Medium
30.918409,75.785711,29.94,87.35,1.18,sandy,80.16,3.13,3.69,-22.63,0.758,0.046,0.296,Low
31.065342,75.668205,107.26,218.86,18.65,clay,9.3,8.15,0.91,-14.98,0.962,0.272,0.271,Low
31.140269,75.91996,194.65,398.45,3.39,loamy,5.86,9.42,0.8,-14.6,0.591,0.802,0.404,Medium
30.872504,75.7519,107.58,14.41,20.53,clay,97.34,1.31,4.6,-22.18,0.411,0.046,0.418,Medium
30.925695,75.881827,203.38,383.76,17.3,loamy,97.79,6.7,1.69,-11.92,0.701,0.095,0.545,Medium
30.899431,75.7383,202.89,192.44,25.17,loamy,98.78,0.55,3.22,-21.08,0.849,0.852,0.728,High
30.829946,75.796659,72.27,485.07,1.51,sandy,64.33,4.03,1.17,-13.52,0.801,0.448,0.346,Medium
30.978827,75.647483,149.21,326.69,3.08,loamy,55.71,0.0,0.45,-9.89,0.619,0.305,0.427,Medium
30.88274,75.86859,285.11,181.67,1.63,sandy,45.45,5.6,3.1,-13.17,0.657,0.716,0.579,Medium
31.103728,75.688699,102.41,414.94,28.93,sandy,52.2,7.02,0.23,-20.9,0.14,0.717,0.349,Medium
30.842785,75.844341,56.26,465.11,11.79,loamy,78.14,7.17,0.54,-14.64,0.927,0.837,0.4,Medium
31.108858,75.780202,197.54,478.1,4.04,loamy,53.04,0.49,4.68,-4.03,0.483,0.508,0.462,Medium
30.870881,75.831422,219.15,64.19,11.62,loamy,88.27,5.04,1.92,-0.51,0.916,0.762,0.761,High
31.185437,75.988197,135.85,66.69,12.38,clay,74.84,2.99,3.51,-3.48,0.712,0.936,0.637,Medium
30.880356,75.849667,87.17,172.65,20.17,clay,65.01,9.58,2.52,-7.64,0.322,0.115,0.328,Low
30.992148,75.828255,200.15,208.74,22.44,clay,28.59,8.47,4.04,-11.93,0.025,0.145,0.357,Medium
30.879961,75.900074,48.28,143.31,7.52,clay,69.06,2.95,3.77,-24.19,0.814,0.102,0.329,Low
31.095797,75.945937,222.72,280.64,7.13,clay,79.88,2.88,3.32,-1.84,0.388,0.957,0.824,High
30.925062,75.82085,3.89,125.67,18.62,clay,87.01,8.3,4.56,-7.38,0.648,0.755,0.423,Medium
31.041355,75.910459,289.29,147.09,5.32,loamy,18.7,1.74,2.57,-15.57,0.429,0.557,0.519,Medium
31.033594,75.702006,99.17,354.84,4.64,sandy,32.26,0.51,4.66,-9.61,0.662,0.491,0.318,Low
30.943234,75.913613,95.36,109.98,5.52,sandy,50.51,4.16,2.69,-22.7,0.221,0.213,0.308,Low
30.944319,75.687378,225.8,265.25,29.9,clay,98.11,0.09,3.34,-13.86,0.904,0.614,0.735,High
31.183559,75.873021,96.28,457.97,28.35,sandy,54.02,2.83,4.56,-4.45,0.375,0.803,0.355,Medium
30.817541,75.959313,57.75,256.95,28.45,sandy,95.63,5.38,0.04,-23.36,0.67,0.774,0.446,Medium
30.969684,75.641571,161.33,351.37,29.29,clay,64.66,9.4,3.73,-21.16,0.459,0.332,0.345,Medium
30.821707,75.917686,167.43,287.48,6.83,sandy,38.8,6.3,2.17,-24.58,0.673,0.535,0.386,Medium
31.04734,75.902384,175.68,350.44,2.18,clay,10.61,7.87,1.51,-22.84,0.765,0.438,0.356,Medium
31.064289,75.789595,160.04,68.19,11.73,clay,54.57,9.6,0.72,-8.07,0.914,0.795,0.583,Medium
30.949252,75.979786,166.06,277.53,3.7,sandy,59.67,5.37,4.73,-17.38,0.748,0.904,0.489,Medium
30.965062,75.858373,153.77,80.48,6.62,clay,19.43,1.81,4.0,-3.69,0.851,0.932,0.565,Medium
30.984506,75.819866,87.2,33.68,2.95,clay,48.72,3.31,0.64,-8.61,0.1,0.62,0.523,Medium
30.927114,75.780258,184.9,152.84,17.53,loamy,36.45,3.16,2.14,-24.88,0.246,0.222,0.365,Medium
30.97445,75.936044,40.29,366.49,26.34,loamy,35.87,3.05,2.76,-20.61,0.607,0.842,0.294,Low
30.856001,75.815447,78.97,443.17,2.29,sandy,1.86,5.07,0.16,-10.45,0.405,0.59,0.277,Low
31.020638,75.817388,299.62,236.05,23.26,sandy,22.33,7.72,3.67,-17.73,0.465,0.51,0.445,Medium
31.000867,75.865071,254.39,403.27,18.42,sandy,51.41,4.46,0.9,-1.28,0.659,0.968,0.615,Medium
30.993401,75.743518,65.65,243.82,1.89,sandy,4.28,2.07,4.54,-15.97,0.47,0.455,0.207,Low
31.192236,75.729628,211.12,260.69,24.89,clay,26.33,5.44,0.87,-8.66,0.365,0.653,0.511,Medium
31.006665,75.750532,272.17,258.19,10.59,clay,48.69,4.82,3.02,-12.45,0.139,0.166,0.487,Medium
31.057391,75.684607,56.07,181.11,21.52,sandy,23.03,8.11,3.6,-12.96,0.479,0.211,0.156,Low
31.133346,75.608978,12.94,286.74,4.83,loamy,3.92,5.72,0.28,-18.54,0.18,0.958,0.282,Low
31.025442,75.607448,215.86,330.87,8.5,sandy,44.92,9.93,4.34,-20.74,0.83,0.601,0.423,Medium
31.128181,75.672754,197.89,132.26,21.73,sandy,45.35,5.91,1.15,-15.36,0.109,0.202,0.409,Medium
31.001744,75.767918,44.87,48.15,14.28,loamy,3.9,7.84,2.52,-22.06,0.482,0.13,0.141,Low
31.131009,75.958788,232.46,324.62,15.66,sandy,4.34,5.3,1.15,-4.94,0.79,0.381,0.382,Medium
31.096558,75.904616,209.01,48.86,4.02,loamy,23.25,8.59,1.42,-3.08,0.409,0.189,0.422,Medium
31.115769,75.831195,35.35,3.6,19.64,loamy,31.59,3.62,0.77,-8.71,0.254,0.855,0.39,Medium
30.946258,75.710224,204.18,377.49,12.4,clay,48.25,3.7,2.77,-18.66,0.307,0.344,0.448,Medium
31.094313,75.942,197.78,373.91,13.4,loamy,16.18,2.14,2.0,-16.54,0.551,0.697,0.417,Medium
30.864295,75.985828,1.59,45.54,4.36,clay,43.54,0.64,1.11,-23.0,0.038,0.384,0.358,Medium
31.045586,75.808402,213.48,298.74,28.37,clay,64.03,4.39,1.01,-8.58,0.804,0.286,0.474,Medium
31.039806,75.806325,69.5,84.74,1.08,sandy,0.03,1.57,4.98,-5.51,0.353,0.395,0.265,Low
31.007097,75.89477,20.59,45.08,8.53,clay,91.5,3.48,4.82,-18.09,0.606,0.195,0.385,Medium
31.029963,75.704443,122.14,53.23,2.17,sandy,94.7,8.03,4.78,-3.1,0.813,0.575,0.526,Medium
31.186422,75.825267,230.99,378.74,28.84,loamy,46.07,5.87,0.14,-22.09,0.068,0.634,0.471,Medium
31.070765,75.691972,94.72,477.72,15.5,sandy,83.22,2.48,0.47,-8.16,0.821,0.076,0.339,Medium
30.990622,75.741415,268.29,134.54,28.41,loamy,90.99,4.99,1.0,-6.61,0.873,0.207,0.657,Medium
30.899878,75.847439,46.8,53.34,27.61,loamy,66.34,6.14,3.82,-11.46,0.042,0.482,0.332,Medium
30.996936,75.994145,269.1,434.38,14.72,clay,91.6,2.8,1.11,-10.58,0.054,0.799,0.804,High
31.016307,75.80099,118.12,343.17,5.24,clay,69.82,4.6,3.45,-24.7,0.211,0.581,0.433,Medium
31.045111,75.70388,164.57,118.57,14.14,loamy,36.59,4.99,1.05,-7.48,0.372,0.854,0.502,Medium
30.871956,75.652456,172.77,114.28,3.0,sandy,23.58,4.32,1.9,-21.35,0.959,0.15,0.351,Medium
30.870643,75.799839,298.67,424.69,15.51,clay,78.53,3.0,2.81,-10.8,0.398,0.691,0.751,High
31.125527,75.790616,188.96,224.93,10.04,sandy,56.04,9.32,1.29,-24.5,0.121,0.867,0.523,Medium
30.879583,75.830358,194.74,87.27,23.41,sandy,67.32,4.87,3.68,-2.76,0.381,0.287,0.469,Medium
30.857939,75.66703,242.32,168.69,18.94,loamy,84.89,0.71,0.81,-19.29,0.317,0.291,0.645,Medium
31.057858,75.708499,133.47,431.4,10.89,loamy,96.55,4.14,0.92,-24.42,0.728,0.662,0.493,Medium
31.080279,75.632026,50.07,51.5,1.91,clay,54.84,0.26,1.99,-5.88,0.083,0.262,0.402,Medium
31.061933,75.954189,92.81,123.7,8.53,loamy,13.13,8.39,0.14,-8.41,0.86,0.325,0.284,Low
31.189993,75.816234,81.72,222.42,29.09,loamy,17.7,5.98,3.16,-9.1,0.564,0.523,0.255,Low
30.923865,75.738867,161.9,402.35,13.26,sandy,25.98,3.04,0.0,-4.62,0.848,0.344,0.354,Medium
30.803327,75.968835,284.09,238.53,0.27,loamy,29.29,2.31,0.04,-15.66,0.412,0.561,0.559,Medium
30.865308,75.894847,116.92,189.18,7.89,loamy,23.96,7.65,4.55,-4.81,0.685,0.285,0.287,Low
31.123523,75.765162,256.04,91.2,8.69,loamy,61.77,2.72,3.11,-20.31,0.019,0.05,0.473,Medium
30.874375,75.640909,80.76,357.6,21.81,sandy,15.07,4.94,1.71,-17.21,0.799,0.998,0.325,Low
31.11657,75.732099,253.06,475.82,1.68,clay,7.14,4.7,0.96,-3.96,0.817,0.828,0.529,Medium
31.107258,75.699585,231.37,221.48,22.13,sandy,46.08,7.71,2.61,-0.45,0.473,0.681,0.505,Medium
30.929225,75.851666,12.66,468.71,15.63,sandy,63.85,1.99,4.44,-3.41,0.218,0.113,0.187,Low
30.929805,75.666944,82.83,59.82,23.67,sandy,4.2,7.83,2.38,-10.09,0.371,0.089,0.161,Low
30.836561,75.847458,279.25,498.49,18.75,sandy,64.46,7.01,3.96,-21.85,0.233,0.982,0.567,Medium
31.102679,75.92221,131.62,96.48,20.68,sandy,13.47,8.99,2.43,-14.06,0.295,0.697,0.334,Medium
30.874651,75.739066,219.72,137.66,24.94,clay,55.45,0.69,0.78,-17.61,0.263,0.367,0.518,Medium
31.05521,75.751617,55.66,9.36,25.7,clay,23.88,7.21,3.29,-11.53,0.387,0.524,0.321,Low
31.020587,75.845216,96.78,320.45,3.31,loamy,6.67,8.35,0.65,-3.16,0.202,0.485,0.267,Low
31.028405,75.93452,197.38,262.91,21.04,sandy,36.64,6.06,0.35,-1.74,0.209,0.491,0.46,Medium
30.831983,75.920408,18.21,279.01,28.15,loamy,36.91,7.08,4.12,-18.35,0.041,0.07,0.082,Low
31.177841,75.984235,29.14,362.59,15.95,sandy,52.62,2.49,3.13,-20.53,0.749,0.415,0.218,Low
31.05545,75.743185,137.62,332.62,26.48,sandy,18.04,4.02,1.69,-21.05,0.998,0.443,0.267,Low
30.926062,75.996585,97.4,185.86,22.93,loamy,72.59,6.08,2.82,-19.65,0.766,0.926,0.445,Medium
31.184661,75.779,119.13,363.16,29.49,loamy,51.76,9.93,1.51,-17.49,0.222,0.856,0.353,Medium
31.128776,75.875888,82.79,276.83,16.69,clay,15.47,0.38,1.78,-21.54,0.367,0.582,0.323,Low
31.12443,75.636762,119.94,458.94,22.03,clay,79.29,1.73,4.13,-7.76,0.576,0.908,0.52,Medium
30.920157,75.892316,172.89,39.24,1.68,clay,34.79,8.17,2.08,-3.3,0.87,0.227,0.465,Medium
31.040921,75.604574,233.23,191.24,9.14,sandy,53.99,1.5,2.51,-19.48,0.051,0.732,0.558,Medium
30.978246,75.838053,151.42,111.04,8.69,sandy,13.22,0.83,2.86,-23.77,0.399,0.085,0.278,Low
31.10953,75.65215,40.46,279.65,14.64,loamy,19.61,6.16,3.68,-18.84,0.072,0.777,0.242,Low
31.169655,75.635838,201.52,211.77,10.45,sandy,59.39,0.24,1.52,-0.31,0.616,0.99,0.639,Medium
30.858327,75.617951,245.45,99.84,11.21,clay,85.28,1.12,0.27,-1.28,0.927,0.869,0.903,High
30.805493,75.877518,33.38,225.03,0.68,sandy,53.8,2.04,2.62,-18.53,0.483,0.73,0.353,Medium
31.079502,75.607355,174.9,331.76,1.3,sandy,28.4,7.89,3.09,-23.67,0.655,0.008,0.243,Low
30.908524,75.940833,198.03,432.14,0.57,clay,64.94,2.31,1.9,-0.58,0.1,0.315,0.536,Medium
31.012624,75.674567,150.2,228.99,27.79,sandy,24.74,5.29,1.67,-15.17,0.157,0.347,0.298,Low
31.050092,75.694482,293.47,250.63,24.36,loamy,87.87,8.9,4.07,-24.26,0.555,0.28,0.587,Medium
31.15887,75.862773,26.34,191.1,28.82,loamy,62.55,2.27,1.2,-21.18,0.971,0.91,0.375,Medium
31.016894,75.682703,41.57,270.68,24.0,clay,30.9,7.05,2.62,-21.62,0.996,0.976,0.336,Medium
31.173212,75.966845,95.25,278.67,28.46,sandy,31.76,8.8,3.64,-5.86,0.88,0.414,0.243,Low
30.977202,75.973507,268.24,466.63,8.21,clay,10.68,1.85,3.81,-9.7,0.267,0.567,0.468,Medium
30.892873,75.874951,107.78,344.07,14.3,loamy,60.47,7.12,1.87,-3.7,0.491,0.138,0.29,Low
30.812892,75.905816,4.5,134.93,12.39,clay,98.82,7.58,0.33,-1.82,0.986,0.867,0.533,Medium
30.929958,75.783018,74.04,202.43,1.25,clay,38.04,3.13,3.06,-6.44,0.594,0.525,0.418,Medium
31.114768,75.80826,135.48,413.51,1.27,clay,51.87,3.96,3.68,-11.06,0.516,0.631,0.434,Medium
30.916472,75.759216,91.37,413.81,13.84,loamy,61.31,0.55,2.58,-21.44,0.83,0.452,0.336,Medium
30.845269,75.911492,281.35,348.06,4.06,loamy,45.09,1.79,2.95,-7.18,0.202,0.455,0.523,Medium
31.076687,75.962865,238.95,359.19,3.71,sandy,44.94,3.63,2.62,-15.4,0.791,0.512,0.496,Medium
30.951471,75.752243,230.48,456.13,16.96,loamy,15.01,8.69,0.89,-7.2,0.42,0.31,0.347,Medium
30.978503,75.850581,35.27,65.79,6.09,loamy,25.31,4.59,4.28,-11.41,0.006,0.883,0.34,Medium
31.035545,75.790285,123.05,39.7,18.0,sandy,54.73,6.2,2.79,-4.37,0.049,0.148,0.363,Medium
30.814688,75.941532,200.1,419.01,8.95,clay,4.9,4.17,0.89,-8.2,0.611,0.692,0.457,Medium
31.114923,75.670968,136.6,289.48,27.94,sandy,29.93,3.69,1.89,-23.31,0.427,0.55,0.31,Low
30.853818,75.877848,82.33,263.53,15.74,loamy,61.21,1.09,3.65,-9.28,0.987,0.484,0.37,Medium
31.173557,75.994511,86.16,304.42,9.49,loamy,99.5,3.54,0.65,-10.93,0.52,0.632,0.488,Medium
30.871963,75.843762,212.58,489.63,0.05,sandy,62.55,1.18,4.24,-5.01,0.999,0.414,0.458,Medium
31.024166,75.855001,3.39,100.59,8.45,clay,30.78,5.07,1.62,-24.85,0.686,0.341,0.267,Low
31.046397,75.611647,52.69,165.26,10.14,loamy,91.62,7.97,3.23,-12.96,0.627,0.892,0.468,Medium
30.934044,75.913596,124.19,371.29,25.05,sandy,72.5,3.16,2.68,-19.79,0.685,0.8,0.447,Medium
30.941438,75.987845,84.14,15.59,29.51,loamy,84.24,5.71,1.95,-10.12,0.865,0.752,0.491,Medium
30.9258,75.612651,124.16,248.53,7.13,loamy,95.07,2.16,1.51,-22.19,0.785,0.778,0.555,Medium
30.97751,75.609974,144.8,250.03,5.71,clay,73.24,5.24,3.88,-21.42,0.872,0.822,0.556,Medium
31.070687,75.653087,217.37,229.68,21.41,loamy,0.41,9.32,3.44,-10.14,0.087,0.467,0.311,Low
31.008231,75.863594,93.74,288.78,9.36,clay,32.09,1.93,1.38,-17.02,0.441,0.118,0.287,Low
30.909455,75.606103,186.88,257.03,6.2,sandy,31.85,1.42,3.52,-17.92,0.245,0.071,0.329,Low
30.935496,75.777459,39.02,235.37,20.26,sandy,5.38,4.26,0.89,-10.1,0.593,0.836,0.294,Low
31.046526,75.724976,245.23,356.45,20.13,loamy,97.37,7.56,2.33,-21.71,0.813,0.92,0.713,High
30.982234,75.873791,213.06,232.7,6.95,sandy,86.11,6.17,4.56,-15.2,0.7,0.665,0.665,High
31.152962,75.781313,9.08,237.67,10.54,loamy,17.08,7.68,3.02,-21.82,0.103,0.818,0.241,Low
30.930348,75.859781,237.73,266.37,12.02,loamy,62.09,5.48,4.87,-15.4,0.341,0.814,0.548,Medium
31.113726,75.774141,236.2,272.26,7.08,loamy,7.79,9.31,2.87,-12.83,0.592,0.463,0.379,Medium
31.128809,75.67047,286.77,34.8,3.26,clay,77.13,3.79,2.47,-8.5,0.091,0.817,0.897,High
31.161302,75.854453,0.06,73.36,4.48,loamy,39.0,5.78,0.98,-7.96,0.317,0.57,0.332,Medium
30.92182,75.977333,130.42,491.29,10.33,sandy,0.81,9.86,2.02,-21.81,0.294,0.369,0.179,Low
30.821251,75.881342,246.23,179.62,25.84,clay,23.52,7.02,1.97,-17.05,0.383,0.382,0.454,Medium
31.064995,75.789949,56.47,192.3,27.73,clay,15.43,9.97,3.35,-21.64,0.072,0.016,0.138,Low
30.994681,75.774694,297.07,42.33,19.27,loamy,45.6,7.89,3.02,-14.36,0.18,0.509,0.553,Medium
30.980018,75.742123,55.74,302.29,17.34,clay,23.67,5.02,2.05,-11.35,0.367,0.978,0.394,Medium
31.081953,75.645266,144.46,345.25,4.26,clay,98.36,9.84,3.89,-13.38,0.078,0.89,0.562,Medium
30.988981,75.896674,288.12,39.04,19.01,clay,31.25,0.53,1.72,-5.54,0.469,0.513,0.632,Medium
31.093526,75.768406,288.17,399.11,8.68,sandy,92.29,7.49,3.63,-10.91,0.061,0.473,0.664,High
30.820648,75.996146,242.67,312.16,8.6,sandy,50.56,8.51,1.39,-21.69,0.281,0.858,0.519,Medium
30.84462,75.669846,177.53,75.57,13.4,clay,26.13,7.01,2.42,-5.02,0.862,0.343,0.425,Medium
30.858028,75.973577,46.25,247.97,29.81,clay,23.79,4.4,3.19,-19.73,0.734,0.345,0.226,Low
31.102194,75.646398,50.28,199.37,9.04,clay,75.24,5.33,1.9,-7.36,0.475,0.145,0.379,Medium
30.804745,75.970889,134.65,339.25,28.85,loamy,4.1,9.18,3.19,-1.1,0.432,0.918,0.345,Medium
30.933987,75.706835,29.48,327.17,11.73,clay,74.91,7.34,2.94,-20.13,0.337,0.69,0.363,Medium
31.019045,75.869121,249.51,5.98,2.93,sandy,44.59,2.19,1.42,-20.17,0.024,0.092,0.503,Medium
31.062642,75.934184,285.15,319.04,21.24,sandy,85.64,1.3,3.28,-2.5,0.566,0.967,0.822,High
31.078261,75.701334,140.09,468.09,19.16,clay,27.64,4.27,4.52,-5.75,0.323,0.162,0.257,Low
31.110842,75.75312,99.8,30.03,28.67,sandy,44.06,4.92,4.64,-9.74,0.178,0.492,0.328,Low
31.107483,75.687355,193.0,456.3,21.46,sandy,7.29,5.71,1.25,-13.85,0.897,0.149,0.247,Low
31.173157,75.865842,79.93,350.03,27.14,loamy,51.54,9.4,2.45,-14.1,0.844,0.781,0.336,Medium
31.016051,75.601323,286.25,408.99,14.46,loamy,93.5,3.59,3.41,-14.98,0.632,0.959,0.761,High
31.013851,75.98437,24.14,229.82,23.0,loamy,17.66,0.39,1.92,-20.22,0.696,0.896,0.298,Low
30.943704,75.633945,189.84,367.66,4.2,sandy,71.97,5.93,2.45,-23.43,0.541,0.308,0.415,Medium
31.1337,75.779723,298.75,18.52,1.68,clay,4.28,1.18,4.04,-8.32,0.458,0.678,0.638,Medium
30.859581,75.831738,277.44,18.44,4.25,loamy,47.12,9.18,0.23,-7.47,0.131,0.172,0.514,Medium
30.922935,75.917479,136.86,85.34,17.73,clay,10.63,4.97,4.0,-19.49,0.804,0.426,0.355,Medium
31.192877,75.871359,97.27,487.93,17.28,sandy,83.64,7.93,3.82,-10.17,0.336,0.121,0.25,Low
30.966062,75.878518,166.02,219.33,27.77,sandy,10.0,8.47,3.06,-5.56,0.016,0.487,0.289,Low
30.871765,75.635656,195.53,443.46,12.49,clay,77.26,6.92,1.03,-9.0,0.523,0.412,0.528,Medium
31.044215,75.615048,54.0,249.94,28.51,loamy,78.26,3.48,0.02,-19.11,0.118,0.53,0.347,Medium
30.944761,75.904451,161.92,109.64,23.11,loamy,27.64,1.94,3.98,-7.87,0.969,0.474,0.373,Medium
31.068057,75.617246,193.46,142.53,13.04,sandy,80.52,7.58,0.22,-6.49,0.925,0.176,0.498,Medium
30.994025,75.646426,268.52,360.7,17.78,sandy,19.88,6.77,1.63,-5.53,0.326,0.098,0.374,Medium
31.147955,75.750213,66.2,235.5,14.53,clay,14.49,9.28,2.27,-15.32,0.136,0.72,0.323,Low
31.190222,75.680884,38.16,346.11,1.79,sandy,85.17,4.59,0.86,-16.41,0.886,0.604,0.404,Medium
31.0552,75.844611,50.98,485.07,25.65,sandy,85.7,4.89,4.98,-10.21,0.837,0.279,0.253,Low
31.094472,75.698662,98.19,289.73,26.75,loamy,14.9,5.74,0.03,-0.5,0.04,0.471,0.3,Low
30.813448,75.812449,143.78,399.01,24.64,loamy,24.05,5.58,0.06,-6.71,0.95,0.133,0.248,Low
31.059056,75.636292,143.93,152.42,21.1,clay,74.73,0.24,2.27,-5.7,0.874,0.405,0.535,Medium
30.948168,75.785718,190.02,430.19,2.12,clay,33.29,0.33,2.13,-18.26,0.946,0.542,0.478,Medium
31.115077,75.632384,264.25,367.88,1.64,clay,67.47,8.88,0.55,-15.86,0.619,0.366,0.551,Medium
31.023516,75.626802,212.8,102.36,29.44,sandy,11.36,4.78,4.7,-10.5,0.959,0.21,0.326,Low
30.890175,75.741085,80.21,340.11,8.31,sandy,34.52,4.86,2.63,-21.93,0.71,0.678,0.31,Low
30.916906,75.848381,239.97,472.68,24.26,clay,6.56,8.92,2.29,-23.0,0.898,0.288,0.33,Low
30.843746,75.710377,209.12,248.16,26.25,loamy,62.73,2.93,4.85,-11.46,0.132,0.347,0.422,Medium
31.057874,75.716607,18.88,435.9,6.97,clay,64.47,4.12,1.71,-8.85,0.326,0.593,0.37,Medium
31.136763,75.778103,91.22,65.98,23.68,sandy,26.0,4.84,4.85,-5.76,0.047,0.353,0.275,Low
30.866545,75.969653,213.54,142.62,29.2,clay,69.29,6.66,0.77,-19.05,0.041,0.317,0.494,Medium
30.904163,75.673799,168.75,17.34,9.51,sandy,37.29,5.4,0.81,-17.46,0.92,0.405,0.435,Medium
30.858154,75.783216,96.07,2.15,22.15,clay,33.13,7.05,2.37,-17.75,0.944,0.981,0.48,Medium
30.858833,75.826093,272.06,221.05,20.67,clay,90.02,1.39,2.75,-17.3,0.402,0.841,0.82,High
30.836992,75.622013,192.39,291.72,6.66,clay,27.79,0.23,2.69,-13.86,0.672,0.087,0.391,Medium
30.87778,75.727103,181.52,471.7,27.25,sandy,14.79,8.54,1.85,-15.68,0.285,0.351,0.268,Low
31.149721,75.635039,218.36,222.11,29.78,clay,28.86,8.06,4.85,-14.4,0.896,0.14,0.346,Medium
30.834431,75.683114,142.38,433.76,29.6,sandy,96.01,7.56,0.44,-14.76,0.914,0.415,0.412,Medium
31.084099,75.902097,41.08,93.0,11.45,loamy,4.22,8.26,4.17,-17.4,0.559,0.463,0.168,Low
30.800979,75.705071,286.81,417.12,14.18,loamy,89.27,4.17,2.46,-7.8,0.245,0.119,0.612,Medium
31.197733,75.62669,223.67,290.53,16.97,clay,62.8,4.76,3.47,-22.01,0.513,0.575,0.539,Medium
30.865139,75.623404,95.9,439.16,4.06,sandy,27.27,4.2,4.56,-16.1,0.29,0.53,0.28,Low
31.005547,75.906577,54.97,47.25,22.58,loamy,87.24,8.27,3.42,-17.47,0.685,0.688,0.393,Medium
31.032019,75.929326,3.87,259.09,11.19,loamy,34.03,9.11,0.51,-21.14,0.221,0.188,0.162,Low
31.045371,75.932566,157.7,266.05,16.53,clay,11.4,4.6,0.38,-4.53,0.923,0.48,0.402,Medium
30.945027,75.926815,266.92,298.82,22.91,sandy,70.99,0.29,4.07,-19.44,0.857,0.142,0.547,Medium
30.850138,75.652087,23.58,345.41,23.52,sandy,77.47,7.57,0.21,-22.3,0.793,0.513,0.271,Low
30.847569,75.701205,19.87,333.79,22.64,clay,92.01,2.05,4.51,-20.38,0.352,0.091,0.285,Low
31.176738,75.979517,104.35,80.28,15.02,clay,24.18,5.7,0.5,-10.55,0.014,0.217,0.338,Medium
30.912743,75.960664,161.14,486.79,2.96,sandy,50.42,7.08,1.83,-10.27,0.44,0.958,0.464,Medium
30.941929,75.751846,64.28,113.78,3.39,clay,12.36,1.1,0.68,-5.94,0.705,0.557,0.379,Medium
30.931246,75.646289,85.08,300.19,9.36,clay,44.4,5.54,1.45,-3.62,0.189,0.07,0.326,Low
30.990271,75.871652,53.79,499.36,14.75,sandy,43.81,6.59,0.43,-21.42,0.401,0.591,0.239,Low
31.170116,75.991141,19.41,487.6,10.16,loamy,99.07,1.23,4.19,-6.87,0.279,0.713,0.387,Medium
30.909189,75.915797,193.15,200.12,14.27,loamy,40.44,4.85,1.39,-5.8,0.108,0.251,0.411,Medium
31.051348,75.653843,29.88,26.43,2.05,loamy,97.21,3.83,3.4,-21.18,0.622,0.096,0.322,Low
31.100644,75.907029,237.82,100.97,19.86,loamy,26.17,3.44,4.3,-11.33,0.953,0.032,0.358,Medium
31.165976,75.753452,94.37,188.17,13.79,sandy,55.67,8.6,1.52,-7.35,0.491,0.134,0.308,Low
30.994982,75.643753,202.51,330.04,20.56,loamy,47.59,8.54,2.53,-15.22,0.495,0.971,0.498,Medium
30.941106,75.991113,96.14,14.07,1.35,clay,34.89,7.42,0.13,-2.72,0.341,0.097,0.38,Medium
30.942946,75.740508,198.37,123.81,19.44,loamy,91.04,0.66,1.52,-16.56,0.02,0.326,0.535,Medium
31.145347,75.82722,270.42,133.31,20.88,loamy,98.58,3.78,1.95,-10.69,0.808,0.1,0.673,High
30.934387,75.801107,229.47,169.77,18.44,sandy,43.6,4.97,4.24,-5.32,0.84,0.536,0.473,Medium
30.819013,75.998491,120.61,112.94,22.29,sandy,84.42,0.95,1.68,-23.32,0.801,0.475,0.445,Medium
31.118261,75.860615,90.55,402.06,12.99,loamy,20.01,4.02,3.12,-13.67,0.763,0.181,0.167,Low
31.081333,75.945084,173.05,106.48,28.86,clay,46.73,9.37,2.66,-9.64,0.769,0.434,0.444,Medium
31.050703,75.808908,109.28,73.87,4.51,loamy,30.03,4.35,1.59,-4.24,0.064,0.204,0.338,Medium
31.129484,75.858417,76.93,300.62,12.18,sandy,19.19,2.46,4.14,-13.4,0.56,0.436,0.247,Low
30.814801,75.663743,40.93,129.2,24.11,loamy,17.6,8.53,4.82,-12.85,0.02,0.86,0.249,Low
31.04064,75.946869,270.17,203.5,10.9,loamy,9.03,9.43,3.62,-21.49,0.112,0.734,0.467,Medium
31.008783,75.931593,284.9,465.78,7.55,clay,23.81,1.22,4.03,-16.77,0.584,0.39,0.485,Medium
30.894375,75.769148,43.28,87.58,29.1,loamy,25.43,5.89,2.45,-15.63,0.949,0.316,0.203,Low
31.073095,75.985326,263.83,468.49,10.89,clay,82.14,0.21,4.83,-9.85,0.841,0.662,0.747,High
31.076273,75.915521,71.9,276.36,9.28,clay,36.29,8.12,0.61,-3.33,0.858,0.388,0.364,Medium
30.95719,75.991197,76.66,45.13,24.68,sandy,21.04,8.9,4.58,-9.22,0.879,0.767,0.309,Low
30.813553,75.946578,246.96,470.25,14.13,loamy,84.12,7.17,4.38,-4.49,0.824,0.698,0.649,Medium
30.940743,75.840846,244.03,368.89,13.6,sandy,5.21,6.42,3.15,-5.22,0.136,0.401,0.369,Medium
30.925489,75.632893,47.35,258.18,29.09,clay,76.32,8.47,3.43,-5.18,0.319,0.478,0.368,Medium
30.904272,75.874987,248.03,399.76,5.96,loamy,18.19,8.76,4.72,-2.89,0.224,0.948,0.504,Medium
31.058843,75.850651,272.05,487.06,5.95,clay,16.88,4.01,2.14,-18.5,0.089,0.368,0.462,Medium
30.84694,75.887433,130.55,459.99,13.61,loamy,11.85,7.14,0.95,-3.45,0.782,0.288,0.245,Low
30.85208,75.942535,180.02,497.6,8.49,loamy,41.83,4.09,0.73,-17.75,0.262,0.618,0.427,Medium
30.947855,75.873707,137.45,5.16,4.0,sandy,69.3,6.87,3.57,-7.29,0.736,0.256,0.419,Medium
30.823501,75.733145,70.45,454.11,29.9,clay,96.72,5.98,3.74,-23.86,0.254,0.62,0.374,Medium
30.957879,75.74836,290.42,279.78,17.41,sandy,50.37,9.3,4.39,-21.7,0.317,0.53,0.464,Medium
30.846737,75.617665,38.36,435.84,25.04,clay,92.62,2.83,4.38,-9.68,0.762,0.264,0.313,Low
31.157069,75.726217,298.37,381.84,4.54,clay,65.74,7.98,0.27,-21.28,0.23,0.036,0.508,Medium
31.082385,75.774572,298.56,463.6,1.22,sandy,70.9,4.85,2.46,-3.85,0.867,0.124,0.598,Medium
31.147269,75.672262,50.49,254.37,8.18,clay,58.57,5.84,4.86,-11.85,0.571,0.416,0.318,Low
31.107301,75.870763,266.21,12.98,20.44,loamy,39.42,5.9,4.76,-4.08,0.154,0.081,0.453,Medium
31.063816,75.781622,286.56,297.1,0.17,clay,65.62,9.51,1.62,-6.71,0.734,0.957,0.725,High
30.884547,75.619473,193.09,161.59,1.67,sandy,95.19,3.81,1.99,-20.55,0.965,0.866,0.625,Medium
31.140938,75.665176,233.85,142.47,22.58,loamy,12.06,4.91,2.16,-4.84,0.31,0.685,0.458,Medium
31.066208,75.932821,153.8,244.81,26.56,loamy,56.31,4.23,3.78,-4.73,0.614,0.434,0.389,Medium
30.816175,75.736698,139.06,112.12,20.59,sandy,49.53,6.3,2.62,-17.73,0.437,0.907,0.469,Medium
30.859443,75.651116,270.87,420.77,15.69,sandy,4.77,0.77,0.23,-22.31,0.425,0.094,0.345,Medium
31.027391,75.701352,76.46,40.88,15.1,sandy,66.16,1.8,0.91,-15.18,0.083,0.877,0.494,Medium
31.034883,75.781999,201.08,311.91,7.95,clay,87.13,1.87,0.93,-6.32,0.604,0.872,0.777,High
31.01375,75.602339,35.0,85.87,14.31,loamy,86.88,9.66,3.01,-12.83,0.618,0.974,0.453,Medium
31.069521,75.876117,118.5,151.33,3.75,sandy,11.19,0.16,4.85,-3.52,0.209,0.649,0.384,Medium
30.974315,75.850424,237.0,95.46,9.03,loamy,47.4,0.22,0.83,-21.19,0.703,0.964,0.638,Medium
31.143919,75.834091,60.4,284.72,25.02,sandy,0.79,6.3,3.57,-0.51,0.849,0.737,0.246,Low
31.021722,75.71631,146.25,243.05,17.73,loamy,67.87,8.17,2.44,-7.14,0.528,0.422,0.401,Medium
30.825404,75.957151,125.14,236.67,14.84,clay,34.68,6.98,0.1,-17.8,0.192,0.344,0.359,Medium
30.887881,75.963628,101.75,301.05,25.27,loamy,13.12,2.93,3.56,-1.0,0.833,0.673,0.317,Low
31.118389,75.919902,253.36,310.92,8.47,clay,66.71,1.29,1.0,-9.86,0.101,0.416,0.627,Medium
30.921461,75.683773,14.11,9.07,26.43,sandy,15.86,8.28,4.47,-24.2,0.064,0.431,0.156,Low
30.848275,75.689638,77.35,170.16,10.66,sandy,87.77,2.67,0.76,-7.75,0.515,0.669,0.507,Medium
31.170653,75.775131,137.14,420.8,3.33,sandy,61.06,7.82,4.74,-4.41,0.042,0.105,0.3,Low
31.148348,75.964394,47.11,146.06,13.25,loamy,73.26,0.99,3.24,-16.63,0.138,0.849,0.439,Medium
30.9663,75.907613,73.59,404.57,10.24,loamy,8.52,3.72,3.77,-15.98,0.665,0.152,0.145,Low
30.968689,75.691273,240.53,206.7,12.28,loamy,85.24,7.95,1.81,-24.26,0.146,0.01,0.557,Medium
31.177457,75.633911,94.44,490.97,4.93,sandy,75.92,6.6,3.21,-2.44,0.058,0.632,0.405,Medium
31.064145,75.807911,88.72,201.0,20.43,loamy,30.43,7.43,4.55,-24.8,0.28,0.528,0.265,Low
31.080118,75.778476,61.54,272.21,23.65,loamy,69.75,8.88,3.91,-14.89,0.197,0.302,0.236,Low
30.933797,75.890039,222.02,63.0,29.76,sandy,9.28,5.52,2.61,-6.07,0.16,0.028,0.33,Low
31.037001,75.696536,232.25,363.25,29.61,sandy,5.99,3.73,3.13,-16.14,0.048,0.651,0.355,Medium
30.919184,75.894743,135.94,491.48,24.16,clay,56.56,8.94,3.14,-11.67,0.596,0.35,0.322,Low
31.113916,75.885942,201.73,357.18,15.59,sandy,32.78,5.82,4.11,-15.97,0.098,0.712,0.423,Medium
30.832779,75.624877,266.55,238.13,13.38,sandy,52.63,5.88,2.59,-15.13,0.264,0.499,0.513,Medium
30.976032,75.972414,146.86,486.64,24.71,sandy,12.71,7.11,0.65,-7.39,0.863,0.118,0.189,Low
30.989342,75.898599,283.22,184.67,28.55,loamy,40.86,1.21,2.86,-23.99,0.153,0.371,0.492,Medium
30.921304,75.79437,237.36,71.07,17.69,sandy,89.43,8.89,1.08,-4.52,0.489,0.122,0.627,Medium
31.148171,75.76703,171.92,282.88,27.01,clay,47.52,7.2,3.03,-5.95,0.505,0.461,0.427,Medium
30.97963,75.946538,97.56,399.91,19.94,loamy,23.28,3.95,2.7,-1.05,0.89,0.736,0.335,Medium
31.146381,75.882883,171.6,398.08,21.22,loamy,12.38,5.59,0.96,-9.53,0.577,0.053,0.238,Low
30.875758,75.790334,269.06,60.14,28.09,sandy,1.9,7.87,1.23,-7.36,0.888,0.444,0.449,Medium
31.042742,75.760719,13.5,430.99,0.7,loamy,41.49,8.6,1.59,-18.57,0.115,0.099,0.12,Low
30.857614,75.702222,26.89,153.4,12.22,sandy,61.45,3.25,0.14,-23.54,0.39,0.32,0.295,Low
30.929687,75.750205,248.32,60.48,6.08,clay,58.6,4.93,3.76,-15.37,0.115,0.061,0.511,Medium
30.962831,75.793669,122.25,116.87,26.58,sandy,96.35,6.75,1.23,-11.13,0.785,0.305,0.436,Medium
30.833563,75.85432,61.04,483.96,11.2,clay,78.2,5.38,2.12,-2.21,0.452,0.001,0.298,Low
31.131749,75.7157,291.62,0.27,28.01,loamy,59.79,8.39,1.9,-16.21,0.632,0.585,0.589,Medium
30.818194,75.895673,168.92,150.32,11.86,sandy,13.97,5.56,1.4,-14.2,0.61,0.957,0.461,Medium
31.07284,75.737054,78.41,376.35,13.58,sandy,98.3,3.42,2.3,-10.01,0.016,0.692,0.461,Medium
30.800819,75.790612,270.43,336.35,12.39,clay,70.33,7.62,2.69,-5.32,0.649,0.078,0.594,Medium
31.132834,75.868645,201.67,176.5,24.38,clay,35.8,1.77,3.84,-7.57,0.008,0.463,0.495,Medium
30.977831,75.688608,5.93,140.57,27.64,sandy,9.0,6.13,1.52,-7.05,0.234,0.494,0.183,Low
30.912303,75.961803,212.09,104.54,5.88,clay,39.61,8.7,2.85,-12.65,0.552,0.66,0.548,Medium
31.072953,75.826056,19.61,64.12,1.95,sandy,56.99,2.28,2.62,-5.44,0.192,0.678,0.424,Medium
31.077194,75.813177,75.88,280.06,13.62,clay,64.1,9.43,0.26,-1.53,0.433,0.995,0.513,Medium
31.072069,75.786635,108.44,379.51,26.51,sandy,27.79,4.2,2.24,-24.87,0.195,0.082,0.17,Low
30.810149,75.894978,293.43,211.91,2.23,sandy,16.45,3.11,3.13,-22.58,0.48,0.808,0.554,Medium
31.050519,75.733721,75.12,53.92,7.15,sandy,5.44,3.34,3.97,-1.41,0.776,0.62,0.339,Medium
31.05014,75.831574,25.66,30.34,1.0,sandy,84.77,0.65,0.64,-2.02,0.442,0.301,0.439,Medium
30.826316,75.871026,167.78,147.46,11.44,sandy,75.2,2.33,3.0,-8.51,0.011,0.384,0.5,Medium
31.151975,75.847692,101.88,468.79,23.49,loamy,32.82,1.92,0.51,-10.12,0.068,0.789,0.345,Medium
31.029285,75.854945,76.89,210.5,21.74,loamy,24.32,7.97,0.3,-17.21,0.436,0.96,0.372,Medium
30.924475,75.954089,232.65,73.7,9.26,sandy,36.88,0.08,2.93,-8.04,0.057,0.507,0.545,Medium
31.143481,75.768824,58.62,100.19,27.26,clay,34.16,6.68,3.47,-0.45,0.6,0.331,0.312,Low
31.185226,75.846441,125.61,81.14,13.63,clay,4.22,2.19,0.02,-19.42,0.23,0.624,0.409,Medium
31.093834,75.981035,99.45,370.04,6.16,sandy,98.99,3.63,0.37,-24.25,0.115,0.291,0.389,Medium
31.034275,75.906213,13.17,14.84,5.93,sandy,88.54,7.19,1.7,-11.14,0.179,0.021,0.32,Low
31.16426,75.608398,203.24,189.46,23.62,sandy,93.61,3.05,1.2,-4.76,0.661,0.941,0.784,High
31.199078,75.952666,263.52,32.69,4.33,clay,79.49,1.92,1.89,-15.64,0.6,0.977,0.884,High
30.818478,75.846411,56.73,267.73,23.69,sandy,5.33,7.96,4.36,-3.71,0.968,0.886,0.249,Low
30.832563,75.788267,199.05,32.44,15.26,clay,64.51,5.09,2.49,-13.39,0.322,0.374,0.552,Medium
31.08626,75.797917,80.5,200.47,27.64,loamy,3.66,2.2,1.02,-3.42,0.396,0.306,0.25,Low
31.028548,75.9742,112.23,275.28,4.03,sandy,44.45,3.52,2.92,-13.37,0.621,0.426,0.35,Medium
30.963581,75.921802,95.11,191.19,5.39,sandy,64.54,3.59,0.41,-3.93,0.513,0.644,0.487,Medium
31.170642,75.639364,21.4,19.14,6.01,sandy,32.92,3.03,4.08,-7.91,0.274,0.706,0.363,Medium
31.199362,75.900953,221.95,456.19,0.26,sandy,82.23,7.83,2.02,-14.86,0.58,0.655,0.636,Medium
31.005059,75.904464,44.78,198.75,6.81,clay,47.44,5.16,3.93,-6.06,0.723,0.461,0.365,Medium
30.92523,75.675139,231.04,348.97,6.29,loamy,55.84,3.75,2.89,-21.79,0.943,0.01,0.386,Medium
31.13372,75.735929,125.74,342.88,12.1,clay,53.76,3.26,0.12,-5.37,0.922,0.154,0.415,Medium
30.9321,75.851936,180.9,303.92,26.01,clay,20.42,3.91,2.67,-20.29,0.109,0.57,0.393,Medium
31.157898,75.637297,31.29,276.45,0.96,loamy,48.86,1.87,0.35,-0.93,0.284,0.233,0.31,Low
30.827992,75.622981,155.56,85.91,25.79,loamy,15.7,1.11,2.68,-13.04,0.069,0.955,0.474,Medium
30.851973,75.682271,129.66,354.84,14.24,loamy,93.92,5.87,2.51,-7.88,0.275,0.007,0.34,Medium
30.825588,75.759695,242.27,262.93,27.31,clay,46.02,5.76,3.69,-17.8,0.881,0.456,0.484,Medium
31.084659,75.718979,183.91,404.99,5.25,sandy,90.0,7.33,2.29,-2.23,0.183,0.569,0.52,Medium
31.178275,75.695878,261.16,136.89,18.84,sandy,91.63,6.98,3.61,-19.57,0.493,0.992,0.776,High
31.198127,75.630613,31.57,383.27,9.78,loamy,25.28,5.06,2.31,-23.17,0.694,0.75,0.24,Low
31.098383,75.942309,119.0,5.37,3.44,clay,32.71,7.49,2.42,-23.29,0.548,0.242,0.386,Medium
30.856102,75.928171,252.47,85.29,0.54,sandy,29.41,5.35,1.95,-23.06,0.764,0.677,0.523,Medium
30.943235,75.686669,10.33,337.52,6.48,loamy,83.65,8.12,3.21,-7.09,0.897,0.391,0.283,Low
30.820966,75.601866,231.72,383.56,27.86,sandy,23.85,0.91,2.11,-0.27,0.337,0.192,0.375,Medium
30.888227,75.952914,239.08,415.23,5.04,sandy,41.57,1.08,1.64,-10.95,0.19,0.207,0.43,Medium
31.175569,75.648322,64.13,178.29,5.21,loamy,31.62,3.89,2.29,-23.35,0.815,0.65,0.319,Low
30.826933,75.687424,90.46,299.43,29.49,sandy,53.62,9.91,4.25,-20.71,0.959,0.6,0.294,Low
31.078526,75.87116,291.71,346.86,9.96,loamy,88.4,3.18,4.26,-12.95,0.335,0.609,0.723,High
30.952949,75.856237,69.73,293.73,29.65,sandy,61.63,8.97,1.54,-6.55,0.757,0.62,0.318,Low
30.949809,75.718646,45.5,102.19,1.14,clay,59.81,9.46,3.7,-16.78,0.278,0.644,0.414,Medium
31.008349,75.991027,194.41,144.23,0.71,clay,33.13,2.42,2.7,-2.33,0.665,0.248,0.494,Medium
31.087801,75.843225,114.45,160.82,13.27,sandy,86.99,0.7,0.96,-9.14,0.142,0.204,0.427,Medium
31.037052,75.932488,279.54,118.16,2.34,clay,31.15,7.22,1.22,-20.59,0.249,0.285,0.53,Medium
31.054242,75.708744,234.39,40.01,29.18,sandy,16.78,4.41,2.53,-6.63,0.76,0.82,0.526,Medium
30.807924,75.752568,256.21,379.43,27.65,loamy,15.28,7.27,1.29,-13.41,0.454,0.375,0.368,Medium
30.828776,75.654663,140.78,77.36,5.69,sandy,50.07,7.25,2.46,-1.86,0.94,0.97,0.54,Medium
30.99582,75.856419,176.49,204.39,1.16,clay,38.48,5.66,0.97,-14.09,0.255,0.913,0.586,Medium
31.003843,75.795449,206.55,348.23,19.53,clay,73.57,2.42,0.17,-4.67,0.631,0.676,0.721,High
31.058133,75.704532,136.64,340.53,7.63,loamy,95.18,8.42,0.06,-5.73,0.644,0.917,0.571,Medium
31.034464,75.960398,155.56,94.41,12.69,clay,25.29,3.02,4.84,-8.54,0.383,0.308,0.394,Medium
31.15056,75.891061,26.66,318.09,23.3,sandy,14.27,7.49,4.65,-15.05,0.308,0.987,0.249,Low
30.800631,75.627937,208.9,262.48,19.64,clay,17.06,3.75,3.52,-20.05,0.182,0.948,0.501,Medium
31.125748,75.674255,17.69,91.36,22.77,sandy,90.23,4.09,3.13,-9.39,0.868,0.166,0.296,Low
30.951091,75.710705,102.65,292.82,14.34,loamy,10.08,0.61,3.76,-24.82,0.582,0.988,0.332,Medium
31.008934,75.602905,180.9,493.45,22.84,clay,47.32,3.37,2.15,-15.73,0.89,0.999,0.531,Medium
31.176396,75.866031,113.53,28.62,10.68,sandy,10.02,4.57,3.49,-6.87,0.888,0.139,0.27,Low
31.147602,75.711787,209.78,407.53,11.05,loamy,65.89,4.75,2.07,-20.3,0.986,0.958,0.561,Medium
30.806652,75.744082,13.73,403.78,9.77,loamy,60.68,4.0,3.06,-22.97,0.428,0.931,0.345,Medium
31.194749,75.94284,271.56,367.14,8.82,sandy,14.32,5.2,2.86,-3.58,0.505,0.128,0.388,Medium
30.920539,75.869225,164.62,437.39,5.04,loamy,11.57,6.63,1.2,-19.71,0.753,0.66,0.323,Low
30.973957,75.886306,48.07,464.48,27.08,clay,22.04,2.58,2.38,-2.56,0.123,0.136,0.191,Low
31.090166,75.636177,207.54,435.97,27.95,clay,60.07,6.44,1.89,-7.06,0.736,0.382,0.461,Medium
31.02476,75.942456,242.53,111.78,3.47,sandy,8.91,7.41,4.69,-6.38,0.116,0.368,0.423,Medium
31.181627,75.830767,0.5,30.94,16.07,clay,97.98,3.2,1.83,-8.02,0.797,0.52,0.471,Medium
30.888857,75.758125,161.49,230.3,4.34,clay,83.72,5.0,2.28,-9.96,0.146,0.665,0.603,Medium
31.081187,75.839552,92.67,495.17,3.7,clay,70.65,4.78,4.14,-12.62,0.704,0.377,0.383,Medium
30.933258,75.931154,63.18,366.33,24.31,clay,5.26,8.65,0.9,-12.81,0.392,0.984,0.335,Medium
31.139407,75.996425,164.38,168.71,20.34,clay,75.77,3.91,2.64,-17.92,0.696,0.195,0.47,Medium
30.957509,75.65236,225.68,290.19,24.15,clay,70.96,4.58,0.82,-21.56,0.696,0.291,0.589,Medium
30.887255,75.899353,220.6,4.57,21.78,loamy,67.83,9.88,0.74,-1.24,0.427,0.842,0.645,Medium
30.838419,75.989664,53.89,26.24,29.41,loamy,59.34,9.7,3.13,-14.9,0.034,0.241,0.256,Low
31.075194,75.981822,195.84,187.69,20.75,clay,65.85,7.78,4.32,-8.74,0.275,0.653,0.531,Medium
30.848,75.633055,146.77,334.4,15.29,sandy,57.3,5.73,1.37,-6.37,0.794,0.181,0.349,Medium
31.057839,75.773463,171.43,49.72,1.9,clay,79.52,1.85,4.06,-24.51,0.556,0.536,0.588,Medium
30.995425,75.80756,175.42,356.87,23.7,sandy,75.3,9.66,4.49,-20.48,0.599,0.18,0.319,Low
31.120205,75.649218,38.64,103.11,4.84,loamy,85.15,0.35,4.9,-12.35,0.364,0.544,0.411,Medium
31.178091,75.600034,90.18,473.11,15.58,clay,65.92,4.45,2.89,-7.62,0.523,0.986,0.476,Medium
31.015284,75.683936,29.7,409.88,7.11,sandy,29.97,8.33,4.79,-9.95,0.216,0.359,0.143,Low
31.048925,75.629744,76.49,190.89,27.11,loamy,8.33,2.54,2.13,-7.64,0.536,0.071,0.184,Low
31.198144,75.878721,57.79,186.07,19.72,clay,60.49,4.2,0.77,-0.19,0.434,0.026,0.339,Medium
30.83101,75.649848,33.0,274.18,1.98,loamy,36.28,3.34,1.37,-3.28,0.226,0.01,0.208,Low
31.187509,75.751453,31.5,462.82,5.27,clay,30.65,8.21,2.45,-11.78,0.7,0.865,0.327,Low
31.042987,75.958628,51.22,473.26,11.69,sandy,74.13,9.68,2.66,-10.13,0.85,0.477,0.271,Low
30.803799,75.805426,46.65,63.18,11.36,clay,5.29,7.25,4.87,-7.31,0.249,0.609,0.306,Low
30.873242,75.994499,239.54,251.11,8.27,loamy,94.17,8.81,4.07,-17.37,0.858,0.947,0.73,High
30.925095,75.636056,23.84,364.98,28.35,sandy,5.74,7.43,2.77,-12.68,0.874,0.962,0.214,Low
31.003473,75.892319,143.9,257.51,29.94,clay,69.79,4.05,3.08,-2.23,0.746,0.714,0.527,Medium
31.099867,75.69769,221.69,475.43,24.7,clay,52.81,6.09,3.04,-0.88,0.675,0.882,0.556,Medium
30.890027,75.630049,251.82,256.84,28.57,loamy,37.91,3.73,0.57,-2.15,0.25,0.539,0.518,Medium
30.847146,75.719671,88.06,106.53,22.14,loamy,21.75,3.05,4.67,-8.93,0.826,0.035,0.199,Low
31.047099,75.795307,106.72,307.77,9.86,sandy,0.52,8.9,0.93,-16.14,0.101,0.492,0.225,Low
31.005727,75.661484,37.15,243.71,4.67,loamy,22.61,3.95,1.5,-14.29,0.182,0.812,0.309,Low
30.975429,75.935743,48.55,176.87,13.02,sandy,87.05,1.98,0.95,-23.99,0.395,0.744,0.463,Medium
30.864125,75.679597,143.79,332.62,7.97,loamy,55.01,8.0,3.57,-16.88,0.764,0.882,0.441,Medium
31.169425,75.937225,116.65,54.87,3.24,sandy,15.55,5.0,3.84,-19.09,0.678,0.342,0.317,Low
31.094973,75.773731,86.84,242.96,22.83,sandy,15.25,5.11,1.25,-5.83,0.864,0.994,0.37,Medium
31.128244,75.679365,211.94,404.98,21.03,loamy,18.12,9.93,2.96,-9.14,0.229,0.132,0.243,Low
31.19616,75.971639,127.89,308.23,2.73,sandy,40.73,3.06,3.17,-19.21,0.336,0.479,0.354,Medium
31.057549,75.721716,80.77,140.28,10.53,loamy,31.98,0.48,0.2,-23.7,0.745,0.212,0.289,Low
31.163393,75.640305,55.45,474.16,10.91,sandy,9.69,0.14,2.76,-3.45,0.331,0.741,0.269,Low
31.111523,75.811545,111.48,325.12,6.3,sandy,88.72,1.3,3.71,-21.99,0.587,0.912,0.514,Medium
30.876173,75.881864,277.65,37.44,16.4,sandy,72.54,9.9,1.01,-6.98,0.044,0.192,0.655,Medium
30.90101,75.95083,256.03,453.41,29.25,clay,44.85,7.17,4.55,-23.31,0.419,0.931,0.515,Medium
30.80875,75.839661,209.01,64.47,1.36,loamy,79.44,6.94,3.7,-15.06,0.685,0.87,0.744,High
30.866207,75.900291,115.25,389.69,12.03,sandy,18.41,1.6,1.09,-7.58,0.879,0.791,0.376,Medium
31.083102,75.810029,91.02,110.17,21.25,loamy,17.11,0.46,1.19,-24.02,0.148,0.884,0.399,Medium
30.908174,75.916249,192.72,124.5,24.7,loamy,0.14,3.47,3.03,-15.77,0.083,0.705,0.391,Medium
31.088832,75.763337,183.44,162.32,1.72,clay,82.39,2.19,4.83,-20.58,0.972,0.537,0.589,Medium
31.111274,75.912205,31.93,372.88,11.46,loamy,87.0,6.34,2.75,-4.58,0.221,0.269,0.301,Low
31.123093,75.901159,46.69,115.86,21.79,sandy,90.22,0.94,0.91,-20.37,0.862,0.189,0.351,Medium
31.091792,75.859026,6.31,81.46,5.33,sandy,60.78,0.69,0.36,-18.87,0.909,0.97,0.436,Medium
31.010711,75.890706,242.4,301.65,11.34,sandy,82.66,7.63,3.22,-23.91,0.248,0.084,0.513,Medium
31.050954,75.605399,289.91,478.81,3.19,clay,33.84,7.07,1.01,-12.99,0.563,0.444,0.51,Medium
30.932703,75.661805,16.76,346.02,18.82,sandy,82.49,1.03,1.48,-12.21,0.836,0.142,0.282,Low
30.8096,75.770854,44.21,327.68,6.78,clay,38.47,8.84,4.11,-22.19,0.17,0.11,0.171,Low
31.18234,75.742923,184.71,59.18,27.7,clay,89.56,6.05,0.89,-11.74,0.6,0.679,0.615,Medium
31.066909,75.720626,245.27,174.19,3.12,clay,66.17,9.33,4.05,-7.22,0.076,0.002,0.504,Medium
30.859457,75.862342,96.08,195.3,21.64,clay,47.84,0.67,2.89,-1.01,0.278,0.09,0.37,Medium
30.872749,75.754007,95.79,211.92,20.8,loamy,79.35,3.33,4.01,-8.65,0.246,0.419,0.387,Medium
31.013508,75.81299,246.42,192.31,17.43,loamy,57.79,6.93,3.74,-7.42,0.235,0.003,0.428,Medium
30.806862,75.82335,287.28,460.45,1.79,sandy,84.88,8.67,4.1,-17.63,0.144,0.853,0.732,High
31.165182,75.696999,248.35,27.93,4.13,clay,70.4,3.77,0.13,-0.88,0.372,0.701,0.851,High
30.829508,75.934975,261.14,15.09,10.96,sandy,7.71,5.69,4.07,-21.26,0.182,0.744,0.502,Medium
31.079426,75.719803,123.46,168.67,23.44,loamy,28.68,1.56,4.41,-24.2,0.751,0.503,0.289,Low
31.133072,75.871961,262.79,277.08,24.89,clay,50.19,7.09,2.12,-21.08,0.973,0.522,0.541,Medium
30.850053,75.684746,185.71,109.45,5.51,clay,55.93,8.42,4.08,-13.29,0.313,0.642,0.549,Medium
30.86593,75.921336,193.99,97.37,3.25,sandy,60.32,8.47,0.14,-17.94,0.542,0.065,0.427,Medium
31.102609,75.723648,165.51,319.19,0.97,sandy,97.67,5.65,2.82,-5.24,0.046,0.315,0.509,Medium
30.803391,75.74266,84.72,199.07,5.85,clay,72.57,9.74,3.51,-22.57,0.407,0.741,0.434,Medium
31.122998,75.660075,176.15,191.06,17.59,clay,29.01,1.52,2.32,-2.87,0.093,0.718,0.539,Medium
31.12299,75.861688,230.65,80.52,28.91,loamy,72.87,6.51,4.65,-16.46,0.785,0.339,0.562,Medium
31.142381,75.772361,267.2,387.09,11.63,sandy,61.04,0.75,0.76,-9.31,0.498,0.805,0.609,Medium
31.148183,75.818854,290.68,390.72,2.62,sandy,31.37,9.34,0.81,-18.0,0.363,0.089,0.385,Medium
31.108776,75.703178,141.98,128.01,26.3,loamy,14.04,1.24,2.84,-24.01,0.859,0.401,0.312,Low
31.166856,75.651594,110.02,422.42,28.56,sandy,68.22,5.06,1.31,-3.11,0.683,0.621,0.4,Medium
31.096417,75.697927,246.37,3.97,25.59,sandy,15.82,3.99,0.36,-15.29,0.462,0.094,0.398,Medium
31.056994,75.960051,139.46,42.91,21.95,clay,92.25,7.68,1.0,-16.78,0.317,0.996,0.645,Medium
31.080916,75.790488,83.51,19.14,4.67,loamy,64.02,3.2,0.16,-9.97,0.38,0.936,0.544,Medium
30.972044,75.789364,16.22,434.01,28.58,loamy,26.98,6.36,0.42,-23.27,0.405,0.298,0.121,Low
31.148516,75.809911,200.89,129.72,24.92,sandy,90.16,3.42,3.77,-20.89,0.349,0.419,0.6,Medium
31.075532,75.664276,209.01,177.35,20.79,sandy,0.99,7.83,2.99,-23.05,0.668,0.617,0.342,Medium
31.194547,75.975588,222.85,368.36,9.5,sandy,45.87,1.47,4.32,-22.16,0.97,0.406,0.412,Medium
30.801471,75.780224,249.75,62.86,13.48,clay,9.74,2.19,4.9,-14.5,0.546,0.166,0.424,Medium
30.939234,75.980951,291.52,288.42,0.43,clay,1.62,8.97,2.51,-3.31,0.699,0.649,0.538,Medium
30.964155,75.740884,162.74,261.58,22.95,sandy,17.58,4.28,0.88,-10.13,0.543,0.382,0.347,Medium
31.07542,75.774997,84.97,310.19,27.75,clay,99.54,8.06,0.52,-8.76,0.616,0.411,0.445,Medium
31.100691,75.970892,29.91,222.05,17.44,sandy,28.99,4.21,1.11,-13.63,0.381,0.196,0.193,Low
30.849776,75.987046,274.21,206.47,24.61,clay,74.12,0.08,1.87,-19.4,0.284,0.88,0.799,High
31.135394,75.918055,124.41,120.78,27.01,loamy,1.55,1.53,1.87,-4.58,0.82,0.6,0.336,Medium
31.183664,75.997132,72.55,486.75,5.78,loamy,82.85,8.01,2.89,-21.78,0.636,0.977,0.401,Medium
31.161669,75.806911,131.22,49.79,24.04,loamy,63.14,7.84,4.22,-9.32,0.26,0.553,0.436,Medium
30.881505,75.637306,131.23,314.45,17.8,sandy,70.76,9.21,0.39,-15.44,0.742,0.131,0.324,Low
31.052601,75.743249,71.92,448.95,8.91,loamy,24.53,7.8,3.93,-5.74,0.659,0.275,0.199,Low
31.050975,75.855355,173.81,51.71,13.77,loamy,10.71,2.82,4.47,-22.68,0.494,0.361,0.344,Medium
30.95632,75.796415,6.59,36.79,28.78,sandy,68.73,3.75,1.57,-2.29,0.809,0.18,0.266,Low
30.871471,75.826918,182.0,15.73,29.28,clay,48.39,6.14,2.73,-21.04,0.742,0.927,0.55,Medium
30.811822,75.609215,153.52,76.17,26.01,sandy,21.7,3.28,1.1,-6.81,0.94,0.268,0.35,Medium
31.181292,75.739421,165.45,147.16,22.36,loamy,51.27,4.0,0.97,-20.68,0.687,0.887,0.499,Medium
30.95713,75.833459,229.93,155.79,23.82,clay,48.78,8.83,2.12,-6.32,0.816,0.623,0.558,Medium
30.971725,75.826857,112.19,316.35,1.93,sandy,3.38,5.11,2.93,-17.66,0.827,0.645,0.31,Low
30.940901,75.611976,53.97,161.34,23.73,sandy,7.26,6.57,1.86,-5.51,0.122,0.319,0.178,Low
30.931548,75.786151,238.57,449.37,16.85,sandy,60.18,5.27,0.51,-18.05,0.608,0.883,0.564,Medium
30.82993,75.957066,126.53,378.1,9.53,sandy,19.71,8.03,2.49,-0.24,0.421,0.124,0.221,Low
30.93075,75.753143,172.92,142.52,19.31,clay,98.8,9.12,1.42,-3.96,0.403,0.896,0.688,High
30.815648,75.85791,20.84,47.56,24.08,clay,27.47,7.54,2.0,-11.09,0.313,0.612,0.314,Low
31.078583,75.781833,254.6,483.58,3.64,sandy,61.8,0.29,0.24,-24.74,0.105,0.323,0.494,Medium
30.974273,75.668077,57.35,451.14,11.07,clay,98.96,9.34,4.34,-18.51,0.785,0.111,0.31,Low
30.830017,75.731732,183.83,406.24,8.1,sandy,13.78,4.61,0.63,-3.45,0.753,0.888,0.477,Medium
30.965318,75.778712,36.71,263.79,17.34,loamy,97.63,3.22,3.65,-19.35,0.264,0.296,0.302,Low
31.023406,75.949149,197.84,367.63,6.18,sandy,97.18,0.6,0.07,-19.6,0.819,0.188,0.487,Medium
30.883465,75.836209,158.29,429.23,22.81,sandy,45.4,1.54,2.52,-2.15,0.219,0.364,0.38,Medium
31.147144,75.805386,234.01,93.98,8.34,sandy,30.71,8.7,3.24,-21.32,0.876,0.745,0.483,Medium
31.157639,75.674812,8.58,330.94,13.58,sandy,92.69,0.84,2.16,-21.23,0.502,0.508,0.321,Low
30.909036,75.639125,194.59,366.0,12.68,sandy,40.27,5.94,2.65,-12.66,0.434,0.681,0.441,Medium
31.183589,75.687832,15.94,17.84,7.99,sandy,10.1,2.26,3.1,-7.1,0.392,0.101,0.192,Low
31.151811,75.707307,61.71,392.86,10.43,sandy,59.63,7.34,0.47,-12.42,0.7,0.477,0.306,Low
31.162667,75.695448,94.53,34.73,5.62,clay,14.18,0.13,2.37,-16.65,0.178,0.264,0.335,Medium
31.071681,75.941236,178.2,484.77,17.49,loamy,24.75,1.09,4.09,-10.82,0.99,0.835,0.402,Medium
30.866922,75.658633,28.17,152.3,22.09,loamy,73.48,9.9,1.29,-12.84,0.364,0.014,0.217,Low
31.084063,75.956549,232.36,428.48,27.07,loamy,11.28,6.86,3.64,-24.48,0.979,0.856,0.382,Medium
30.856653,75.799133,73.31,370.51,29.2,sandy,74.44,1.94,4.77,-9.03,0.965,0.877,0.407,Medium
31.159689,75.779708,287.49,263.45,7.96,loamy,88.8,3.91,2.09,-0.15,0.309,0.041,0.667,High
30.93731,75.844947,130.04,227.51,29.04,clay,28.84,9.69,2.49,-7.86,0.466,0.15,0.303,Low
31.049518,75.865728,91.09,144.13,23.99,sandy,4.1,2.83,2.97,-23.67,0.306,0.43,0.232,Low
30.800257,75.700573,105.07,141.63,25.77,loamy,76.89,1.55,0.43,-18.23,0.996,0.197,0.382,Medium
30.832287,75.687543,141.95,177.32,24.35,loamy,42.26,9.67,0.49,-18.47,0.302,0.311,0.325,Low
31.071569,75.728992,173.45,341.66,5.99,sandy,55.43,3.01,0.43,-10.83,0.628,0.546,0.469,Medium
31.150369,75.774757,41.58,220.95,9.4,clay,71.26,4.68,2.14,-14.49,0.41,0.028,0.308,Low
31.182997,75.768367,226.76,307.6,9.07,sandy,51.22,1.27,2.72,-10.86,0.293,0.755,0.544,Medium
30.961177,75.602381,242.24,437.46,13.81,sandy,5.47,8.3,3.25,-16.66,0.097,0.291,0.293,Low
30.932523,75.624346,222.14,337.21,22.18,sandy,20.51,1.44,3.7,-12.62,0.224,0.676,0.439,Medium
30.920357,75.724356,296.75,3.23,14.55,loamy,11.47,0.0,3.02,-21.97,0.097,0.204,0.46,Medium
31.133091,75.777526,16.7,60.91,12.14,clay,82.03,8.42,2.73,-4.46,0.681,0.859,0.497,Medium
30.972941,75.854479,55.44,409.28,19.72,sandy,74.17,5.47,2.38,-17.75,0.668,0.959,0.394,Medium
31.06708,75.756476,209.3,53.67,12.51,loamy,2.8,4.57,2.82,-24.72,0.303,0.645,0.428,Medium
31.047951,75.617053,272.12,481.4,14.04,clay,27.69,9.82,1.79,-3.6,0.503,0.349,0.462,Medium
30.95625,75.625106,196.78,175.93,21.58,sandy,71.52,7.87,1.39,-5.93,0.303,0.394,0.499,Medium
31.058054,75.750609,141.53,329.49,17.28,clay,77.54,5.25,0.65,-16.9,0.955,0.348,0.46,Medium
30.96151,75.617972,255.61,79.59,2.9,sandy,93.42,4.76,3.8,-0.47,0.809,0.733,0.795,High
31.159918,75.669599,267.74,377.91,12.6,sandy,61.19,1.14,4.23,-23.18,0.763,0.607,0.534,Medium
31.16942,75.728464,209.62,188.81,29.67,loamy,19.97,2.52,2.19,-17.85,0.201,0.162,0.337,Medium
31.123469,75.676918,174.63,314.56,20.06,sandy,81.0,8.93,1.8,-14.8,0.547,0.072,0.35,Medium
31.091991,75.964395,192.67,248.09,24.97,loamy,47.37,3.52,3.09,-11.03,0.138,0.067,0.336,Medium
30.950447,75.628347,23.44,391.19,8.95,sandy,23.06,6.01,1.65,-19.4,0.941,0.922,0.266,Low
31.081309,75.627181,261.44,484.06,2.24,loamy,85.32,9.32,2.5,-15.02,0.057,0.698,0.654,Medium
30.988391,75.966957,78.92,14.99,10.14,sandy,33.45,7.65,0.7,-11.32,0.734,0.924,0.449,Medium
31.151308,75.694247,21.87,474.0,27.13,clay,76.56,0.35,4.91,-1.25,0.598,0.612,0.337,Medium
31.02057,75.97864,81.15,20.87,1.07,loamy,65.03,4.32,1.52,-3.75,0.971,0.021,0.347,Medium
31.109445,75.924545,160.26,430.15,20.46,clay,55.25,0.52,3.83,-7.61,0.43,0.427,0.415,Medium
30.975181,75.958859,294.76,183.85,5.81,loamy,5.79,2.32,2.94,-19.32,0.747,0.888,0.57,Medium
31.027219,75.996375,4.47,359.91,24.38,sandy,12.67,1.81,0.22,-16.26,0.655,0.244,0.114,Low
31.04245,75.791481,36.71,38.4,7.51,loamy,49.49,7.35,1.78,-2.12,0.22,0.713,0.417,Medium
31.112083,75.717073,196.09,263.42,8.03,loamy,50.34,0.54,4.5,-7.36,0.622,0.28,0.412,Medium
30.854853,75.990375,69.16,370.95,6.32,sandy,81.64,1.42,4.89,-7.54,0.65,0.454,0.352,Medium
30.999563,75.613502,83.39,192.09,24.82,sandy,27.91,6.1,2.48,-3.43,0.385,0.044,0.194,Low
30.873771,75.772434,15.68,152.57,16.25,sandy,2.6,6.09,4.47,-1.93,0.907,0.81,0.25,Low
31.102901,75.736378,248.77,217.04,12.83,clay,73.54,0.57,0.55,-15.3,0.721,0.678,0.792,High
31.17519,75.785401,171.78,284.15,15.57,sandy,38.13,7.46,4.62,-21.7,0.015,0.8,0.416,Medium
30.834215,75.699973,162.84,168.77,11.84,loamy,36.17,6.59,3.91,-4.74,0.608,0.124,0.328,Low
30.928396,75.705807,53.64,231.36,13.2,loamy,96.59,4.8,4.22,-19.55,0.059,0.939,0.452,Medium
31.044131,75.725611,19.21,89.9,22.98,sandy,86.91,1.27,3.15,-21.33,0.618,0.05,0.251,Low
30.815401,75.873777,258.17,289.95,1.26,clay,6.08,7.15,1.3,-18.56,0.678,0.857,0.54,Medium
31.087328,75.840232,104.92,38.74,13.31,loamy,23.7,3.26,1.86,-4.43,0.416,0.642,0.422,Medium
30.857232,75.730616,236.45,167.49,12.24,loamy,47.07,9.74,3.11,-20.99,0.045,0.93,0.557,Medium
30.810214,75.843615,242.41,255.4,23.43,loamy,58.15,3.44,1.07,-4.23,0.033,0.726,0.573,Medium
31.199128,75.631378,23.19,467.76,6.74,loamy,57.44,5.48,2.09,-6.67,0.848,0.528,0.259,Low
30.988932,75.809779,132.31,134.59,25.08,sandy,24.4,2.43,3.84,-15.95,0.456,0.748,0.364,Medium
30.896419,75.893119,264.07,180.94,10.56,loamy,91.46,6.53,3.03,-13.78,0.419,0.569,0.73,High
30.850113,75.815046,232.93,203.81,17.54,sandy,26.03,2.87,1.57,-22.96,0.421,0.983,0.539,Medium
31.053052,75.909058,269.96,438.2,0.47,sandy,26.34,5.55,4.65,-6.43,0.126,0.034,0.351,Medium
31.076019,75.995973,39.71,433.44,27.56,clay,35.44,4.02,2.78,-7.2,0.119,0.897,0.361,Medium
31.036591,75.846652,298.24,22.62,22.16,sandy,44.89,4.09,2.25,-4.13,0.289,0.477,0.576,Medium
30.87338,75.906382,274.9,468.31,2.51,clay,59.36,3.7,3.25,-15.52,0.439,0.509,0.569,Medium
31.177907,75.638759,89.2,170.56,16.92,clay,57.98,8.44,2.13,-16.93,0.319,0.178,0.317,Low
31.125595,75.89385,296.76,105.34,15.57,loamy,61.55,0.99,1.42,-22.04,0.274,0.439,0.613,Medium
30.915392,75.967077,296.64,376.73,27.74,loamy,14.1,2.07,4.19,-6.13,0.027,0.903,0.538,Medium
31.015932,75.919597,2.0,416.25,0.77,sandy,94.18,5.71,3.66,-11.98,0.831,0.295,0.26,Low
31.082529,75.937898,133.32,216.13,7.89,clay,99.31,7.32,0.58,-16.16,0.079,0.793,0.619,Medium
30.930846,75.802824,82.83,315.31,15.39,clay,70.68,3.15,4.62,-14.17,0.932,0.794,0.447,Medium
31.136572,75.864452,263.27,17.82,19.03,sandy,13.69,3.76,4.72,-8.17,0.265,0.151,0.416,Medium
31.093424,75.71304,59.57,437.93,28.52,clay,74.94,0.03,0.34,-11.06,0.209,0.178,0.331,Medium
30.90523,75.752116,175.17,318.86,14.53,loamy,18.01,3.0,1.16,-17.7,0.485,0.797,0.416,Medium
30.942851,75.792384,28.96,56.18,26.43,clay,28.73,9.69,1.63,-8.44,0.116,0.465,0.285,Low
30.845415,75.878787,211.45,386.84,14.51,clay,48.92,4.12,1.17,-17.73,0.507,0.89,0.579,Medium
30.824321,75.908719,78.48,158.81,11.74,loamy,39.87,9.12,1.34,-6.8,0.34,0.819,0.39,Medium
30.963925,75.829002,49.96,103.1,18.76,clay,61.33,3.3,3.02,-24.5,0.722,0.802,0.419,Medium
31.081892,75.964891,230.05,276.45,19.65,loamy,36.21,1.98,0.78,-11.61,0.86,0.229,0.431,Medium
31.164262,75.732601,64.68,366.67,28.2,sandy,2.0,9.4,0.51,-15.05,0.485,0.157,0.09,Low
30.892002,75.908965,74.19,136.23,3.71,clay,65.53,1.31,3.7,-18.25,0.085,0.074,0.365,Medium
31.104954,75.766152,4.42,415.13,18.15,sandy,73.59,7.93,0.97,-9.86,0.312,0.324,0.235,Low
30.809373,75.70962,60.8,132.13,19.68,loamy,29.12,0.93,4.83,-10.98,0.483,0.908,0.368,Medium
30.897846,75.606885,149.11,196.82,11.18,loamy,10.83,2.24,4.88,-15.07,0.232,0.37,0.299,Low
31.057127,75.732974,242.9,487.91,2.86,sandy,86.48,4.9,1.25,-21.47,0.616,0.474,0.637,Medium
31.026656,75.692972,230.22,126.01,9.34,sandy,15.06,3.21,2.83,-14.84,0.006,0.69,0.494,Medium
31.117878,75.818235,93.9,326.0,9.66,clay,51.44,8.59,4.96,-22.96,0.105,0.699,0.362,Medium
31.102755,75.664837,224.44,83.1,13.13,clay,3.91,4.24,0.85,-4.92,0.487,0.749,0.556,Medium
30.959762,75.7187,130.64,147.11,27.66,loamy,52.25,6.15,1.86,-8.74,0.142,0.523,0.386,Medium
31.0456,75.88579,155.81,125.62,13.89,clay,92.71,7.2,4.26,-21.62,0.524,0.829,0.567,Medium
30.966521,75.66014,20.11,488.49,9.36,sandy,69.4,5.38,1.66,-23.47,0.469,0.156,0.18,Low
31.023662,75.690412,188.65,463.94,8.24,clay,86.81,5.84,1.53,-9.39,0.403,0.255,0.495,Medium
31.063747,75.63099,45.73,365.33,8.4,sandy,10.23,7.97,2.94,-5.85,0.33,0.772,0.256,Low
30.910895,75.92292,261.4,334.25,14.2,sandy,78.34,9.89,0.46,-4.92,0.146,0.165,0.612,Medium
30.929335,75.958381,15.66,255.85,13.19,loamy,32.71,5.0,0.59,-11.0,0.377,0.386,0.231,Low
30.924705,75.808794,159.21,441.64,25.27,clay,94.55,8.34,3.56,-4.0,0.56,0.49,0.492,Medium
31.074147,75.823162,130.62,174.09,0.76,sandy,46.61,6.7,3.64,-19.66,0.56,0.998,0.496,Medium
30.952983,75.671602,224.29,5.34,13.26,loamy,0.56,3.1,0.47,-15.78,0.254,0.922,0.539,Medium
30.813411,75.709981,143.62,21.96,20.86,sandy,62.53,9.71,4.12,-3.42,0.928,0.997,0.538,Medium
30.99612,75.789379,262.48,375.29,24.22,sandy,2.88,8.94,0.77,-6.6,0.871,0.132,0.31,Low
31.138321,75.622419,191.24,31.16,2.92,loamy,98.34,1.94,3.07,-24.58,0.837,0.848,0.65,Medium
31.083724,75.96229,176.05,472.15,15.49,clay,40.32,8.38,3.35,-23.38,0.825,0.502,0.374,Medium
30.833587,75.77736,82.66,99.34,15.16,sandy,74.68,8.38,0.02,-18.16,0.351,0.341,0.379,Medium
31.078517,75.826476,138.9,58.13,2.72,clay,18.57,5.91,4.83,-5.83,0.789,0.218,0.359,Medium
30.83251,75.889711,74.02,418.65,19.27,clay,19.11,7.56,0.66,-23.67,0.706,0.178,0.176,Low
30.926216,75.690384,56.47,441.78,5.31,sandy,69.76,2.65,2.45,-10.53,0.349,0.642,0.366,Medium
31.052411,75.932692,11.02,417.36,11.57,loamy,21.07,7.02,1.73,-4.73,0.796,0.207,0.138,Low
31.001506,75.931943,238.29,45.38,23.2,sandy,46.77,0.31,0.58,-8.54,0.186,0.14,0.491,Medium
30.948913,75.751164,176.52,16.92,21.04,loamy,86.93,0.08,2.11,-16.63,0.648,0.1,0.494,Medium
30.92251,75.786736,55.85,10.87,24.28,loamy,57.6,4.35,2.0,-4.15,0.253,0.373,0.346,Medium
31.071422,75.720069,291.23,438.72,22.9,clay,50.7,4.21,3.87,-1.15,0.401,0.029,0.461,Medium
31.168941,75.954638,289.57,471.42,5.95,clay,75.19,1.3,1.67,-1.0,0.97,0.309,0.733,High
31.120596,75.783485,49.6,0.42,4.42,clay,30.13,0.8,1.18,-19.92,0.09,0.245,0.353,Medium
31.138267,75.749703,143.2,172.36,14.12,loamy,69.88,9.13,3.34,-4.22,0.706,0.763,0.474,Medium
30.851401,75.905218,40.06,386.63,26.94,clay,73.04,4.25,1.97,-23.21,0.488,0.74,0.378,Medium
30.888678,75.843409,230.35,184.57,10.2,clay,61.06,7.52,4.57,-8.86,0.138,0.188,0.474,Medium
30.97416,75.735835,196.21,212.86,8.55,sandy,82.13,0.35,4.79,-14.46,0.164,0.682,0.575,Medium
30.985969,75.633056,205.82,50.7,25.87,clay,1.22,3.19,2.87,-15.4,0.455,0.486,0.445,Medium
30.960681,75.908544,90.89,129.32,19.02,loamy,80.24,4.5,1.86,-13.16,0.335,0.535,0.428,Medium
31.114198,75.992294,159.51,191.74,20.24,sandy,33.71,9.34,2.95,-20.06,0.813,0.728,0.382,Medium
30.819417,75.712686,36.47,244.81,11.01,clay,68.64,2.52,1.69,-17.6,0.819,0.543,0.387,Medium
30.942754,75.607008,97.39,317.99,17.87,sandy,3.66,7.39,1.24,-22.9,0.095,0.727,0.267,Low
30.97244,75.709878,291.56,344.5,7.32,clay,83.49,7.33,2.62,-13.54,0.077,0.373,0.698,High
31.190737,75.855126,264.61,190.96,29.41,sandy,92.74,7.49,2.11,-24.44,0.95,0.257,0.613,Medium
31.15317,75.934741,130.03,58.21,5.75,sandy,30.32,5.14,4.27,-18.91,0.799,0.374,0.337,Medium
31.104288,75.774778,224.06,389.15,8.31,loamy,60.46,9.1,3.39,-18.18,0.407,0.019,0.338,Medium
30.851907,75.706821,179.72,487.95,9.54,sandy,1.81,3.25,0.32,-17.8,0.712,0.827,0.384,Medium
31.053909,75.731501,116.71,464.94,0.38,sandy,34.64,4.44,2.31,-6.44,0.211,0.698,0.381,Medium
30.902277,75.612907,255.69,483.86,18.94,loamy,34.53,2.08,4.92,-15.77,0.292,0.315,0.375,Medium
30.811826,75.849945,50.02,175.81,12.95,clay,2.34,9.73,2.78,-12.73,0.235,0.921,0.316,Low
31.042849,75.939867,29.09,109.15,29.76,loamy,17.86,1.59,3.89,-6.64,0.401,0.409,0.225,Low
30.967272,75.839699,95.82,181.59,3.17,clay,96.02,7.62,1.59,-11.61,0.392,0.859,0.591,Medium
30.985566,75.930455,134.84,461.96,5.33,sandy,53.27,3.34,2.32,-20.69,0.907,0.383,0.342,Medium
31.189699,75.764118,190.93,309.44,4.16,loamy,99.89,6.0,3.66,-1.36,0.325,0.25,0.505,Medium
30.988765,75.636387,111.09,371.48,26.51,loamy,55.21,8.63,4.25,-20.97,0.369,0.875,0.337,Medium
31.174856,75.968554,96.82,146.49,26.83,sandy,46.12,2.45,3.02,-0.26,0.797,0.973,0.467,Medium
30.844463,75.841603,99.38,460.08,4.78,loamy,96.25,0.07,0.16,-8.08,0.867,0.996,0.587,Medium
30.828146,75.766836,78.01,357.99,3.63,clay,64.71,5.34,0.12,-12.98,0.726,0.293,0.38,Medium
31.128926,75.907505,109.01,358.31,15.35,loamy,42.86,1.24,0.73,-18.44,0.825,0.754,0.382,Medium
30.867581,75.765157,101.95,456.49,23.87,sandy,9.71,6.42,0.37,-2.52,0.492,0.245,0.189,Low
30.918117,75.777869,236.21,349.78,17.05,loamy,76.13,1.48,1.44,-19.47,0.371,0.363,0.594,Medium
31.177917,75.663321,190.17,237.64,13.2,sandy,74.37,6.95,0.73,-17.69,0.384,0.637,0.5,Medium
30.884665,75.721183,175.27,129.71,21.63,clay,99.61,4.06,3.09,-20.74,0.344,0.156,0.515,Medium
30.925718,75.749745,259.62,242.62,5.07,loamy,17.54,8.97,0.07,-1.33,0.342,0.309,0.44,Medium
30.911326,75.911206,236.78,325.0,10.7,loamy,91.27,9.06,4.2,-3.86,0.783,0.524,0.635,Medium
30.881012,75.865698,119.55,49.42,9.89,sandy,55.33,5.35,3.71,-3.18,0.97,0.056,0.348,Medium
30.899189,75.702429,221.83,344.85,19.52,sandy,68.96,4.56,0.2,-9.77,0.552,0.091,0.42,Medium
31.132277,75.625468,270.94,261.28,1.83,sandy,58.57,5.81,2.32,-11.58,0.781,0.319,0.527,Medium
30.87857,75.646563,25.02,98.7,16.27,sandy,48.72,5.69,2.91,-3.47,0.112,0.887,0.4,Medium
30.87792,75.922306,184.32,228.13,0.01,clay,60.14,4.93,0.88,-12.32,0.514,0.951,0.633,Medium
31.146904,75.699609,82.59,280.63,9.26,loamy,97.72,9.46,2.44,-17.02,0.974,0.471,0.381,Medium
30.826224,75.772806,91.39,462.65,13.3,loamy,53.86,1.83,3.89,-5.93,0.213,0.502,0.318,Low
31.01216,75.641167,90.02,304.76,17.13,sandy,15.64,7.66,3.93,-3.69,0.61,0.157,0.196,Low
31.192462,75.861396,236.62,389.88,8.08,clay,47.2,8.56,1.52,-21.38,0.334,0.354,0.469,Medium
30.979883,75.770119,118.06,208.56,22.87,loamy,96.87,3.54,4.03,-0.63,0.767,0.019,0.385,Medium
30.883444,75.886669,88.44,186.74,9.66,clay,32.57,5.6,1.0,-19.63,0.503,0.856,0.428,Medium
30.897255,75.730193,143.9,360.63,14.1,clay,4.6,6.59,3.44,-2.28,0.487,0.28,0.296,Low
30.950008,75.640576,191.89,138.02,11.08,clay,11.1,1.34,3.75,-16.89,0.775,0.414,0.409,Medium
30.860168,75.719542,60.0,44.0,7.36,loamy,76.28,2.61,2.66,-17.71,0.022,0.772,0.454,Medium
31.11436,75.884561,94.19,426.72,27.15,loamy,88.46,1.84,2.34,-13.48,0.333,0.678,0.425,Medium
30.902143,75.89906,6.94,59.6,12.32,sandy,48.64,0.48,2.64,-2.18,0.512,0.016,0.239,Low
30.812834,75.801685,239.48,395.07,14.76,loamy,63.44,7.34,2.83,-0.64,0.781,0.532,0.515,Medium
31.13852,75.635092,276.75,305.02,29.79,clay,76.71,4.31,1.38,-13.72,0.881,0.739,0.761,High
30.82921,75.859136,101.94,263.86,20.78,clay,43.24,0.21,2.87,-24.84,0.828,0.019,0.264,Low
30.97086,75.703541,66.87,337.27,9.8,loamy,66.54,7.7,2.87,-16.13,0.88,0.867,0.376,Medium
31.109197,75.682458,54.48,13.11,18.06,clay,77.95,5.4,4.77,-16.81,0.315,0.23,0.354,Medium
30.921172,75.769713,81.32,468.15,6.52,sandy,13.73,8.99,2.2,-4.15,0.375,0.444,0.228,Low
31.095965,75.752167,134.04,199.59,6.17,sandy,81.45,0.93,0.88,-2.17,0.725,0.122,0.464,Medium
30.848143,75.795643,181.45,374.84,9.51,sandy,98.52,8.0,1.8,-18.62,0.112,0.457,0.464,Medium
31.121365,75.760123,257.25,177.34,28.37,clay,43.41,8.48,1.5,-0.01,0.084,0.644,0.578,Medium
30.988545,75.980524,82.41,323.68,9.7,sandy,24.9,5.65,0.64,-21.11,0.695,0.762,0.309,Low
31.120952,75.946538,198.29,185.85,12.45,sandy,17.24,9.36,4.83,-6.45,0.81,0.182,0.318,Low
30.843757,75.664949,149.27,153.03,18.76,clay,26.52,3.21,3.92,-16.71,0.889,0.034,0.323,Low
31.165431,75.6186,113.11,299.25,15.76,sandy,1.49,8.97,0.46,-0.3,0.112,0.476,0.294,Low
31.142456,75.814691,40.32,301.64,19.11,sandy,46.95,9.03,0.64,-8.59,0.366,0.614,0.305,Low
30.991116,75.899488,255.59,98.14,6.58,sandy,94.23,2.26,0.41,-22.63,0.404,0.887,0.814,High
30.890489,75.673851,197.81,164.31,29.22,loamy,51.99,5.77,4.42,-6.0,0.132,0.422,0.426,Medium
31.031747,75.97385,10.27,453.01,11.55,sandy,19.79,1.82,0.71,-24.15,0.795,0.162,0.101,Low
31.028835,75.793538,103.17,314.36,24.51,loamy,45.21,2.15,3.11,-11.35,0.118,0.279,0.292,Low
31.169554,75.734902,267.76,127.64,24.21,loamy,54.89,6.63,3.34,-16.44,0.519,0.063,0.419,Medium
31.056917,75.985901,37.87,113.56,13.72,sandy,55.05,2.96,4.37,-17.32,0.436,0.984,0.389,Medium
31.146787,75.801889,119.27,470.62,29.96,sandy,84.0,2.22,0.08,-6.66,0.354,0.601,0.424,Medium
31.14397,75.810018,240.08,181.33,6.91,clay,53.09,3.74,0.5,-20.86,0.634,0.618,0.62,Medium
31.100442,75.66082,282.66,304.83,25.75,sandy,95.91,9.49,1.48,-2.48,0.972,0.894,0.781,High
30.854448,75.975257,0.11,125.66,16.67,sandy,92.31,6.13,4.8,-23.52,0.41,0.144,0.248,Low
31.105837,75.922795,285.27,121.23,23.59,loamy,39.1,1.93,4.17,-23.24,0.963,0.276,0.473,Medium
30.849389,75.895862,283.3,75.92,13.3,loamy,76.06,0.11,0.59,-17.22,0.103,0.629,0.782,High
31.064169,75.719529,37.46,371.46,13.63,sandy,97.9,9.11,1.71,-18.2,0.988,0.382,0.329,Low
30.845135,75.78661,175.49,438.12,20.74,clay,75.85,2.25,0.52,-0.06,0.603,0.599,0.553,Medium
31.147745,75.865964,251.01,481.62,12.65,loamy,86.52,2.8,3.62,-18.1,0.252,0.508,0.619,Medium
31.134518,75.993235,24.93,50.57,24.18,sandy,49.5,5.91,3.33,-22.4,0.781,0.709,0.31,Low
31.134965,75.750329,155.69,462.62,11.48,loamy,59.03,7.94,4.77,-10.61,0.117,0.764,0.401,Medium
31.069044,75.961516,126.55,196.87,22.33,sandy,78.81,8.52,2.87,-11.93,0.94,0.813,0.48,Medium
31.111052,75.867627,7.69,283.46,0.72,clay,9.88,9.21,4.01,-6.77,0.849,0.254,0.183,Low
30.93762,75.989432,74.61,223.0,1.43,loamy,99.1,2.63,3.97,-19.77,0.771,0.547,0.436,Medium
30.960528,75.739416,244.64,422.36,25.7,sandy,61.64,7.4,4.18,-19.31,0.829,0.101,0.352,Medium
31.055781,75.72517,149.16,93.1,11.48,sandy,70.74,3.51,4.03,-2.61,0.755,0.959,0.575,Medium
30.844592,75.832739,272.65,350.11,16.81,clay,53.83,3.98,3.48,-20.03,0.091,0.598,0.572,Medium
30.961855,75.705348,214.77,266.41,11.9,clay,10.36,9.56,4.07,-2.81,0.294,0.57,0.416,Medium
31.199776,75.777014,12.23,273.99,20.03,sandy,49.45,8.33,4.92,-18.87,0.226,0.648,0.213,Low
30.804967,75.697472,6.23,306.11,25.14,loamy,55.12,5.68,2.06,-3.8,0.581,0.627,0.298,Low
31.191652,75.898717,212.02,490.96,24.1,sandy,37.02,9.0,4.68,-17.0,0.357,0.958,0.399,Medium
31.143978,75.994502,74.07,269.14,3.86,clay,78.42,5.07,2.38,-17.16,0.807,0.604,0.467,Medium
31.087026,75.857986,166.22,492.54,13.96,loamy,5.32,6.19,2.49,-14.1,0.953,0.171,0.208,Low
31.023598,75.623018,104.28,433.79,4.44,loamy,6.54,7.19,2.85,-1.32,0.728,0.714,0.299,Low
31.081687,75.977099,295.86,107.6,13.56,loamy,67.47,3.31,2.85,-3.1,0.946,0.144,0.566,Medium
31.072529,75.725783,2.03,304.8,21.36,sandy,11.97,9.77,3.07,-11.76,0.73,0.733,0.163,Low
31.04061,75.903528,53.8,90.62,19.48,loamy,11.95,0.89,4.73,-10.65,0.949,0.387,0.228,Low
31.078566,75.655404,102.99,47.93,10.65,clay,87.91,5.0,0.92,-14.96,0.227,0.986,0.64,Medium
30.935888,75.900726,157.16,10.2,18.18,clay,5.91,3.73,0.84,-0.91,0.529,0.005,0.354,Medium
30.811061,75.962058,169.01,429.68,28.67,sandy,62.09,1.82,1.09,-16.37,0.872,0.913,0.493,Medium
31.029594,75.956575,211.91,439.84,5.32,sandy,81.9,0.3,0.19,-11.56,0.958,0.941,0.753,High
30.924666,75.716572,104.72,90.21,15.55,clay,49.77,6.04,4.99,-2.0,0.938,0.929,0.514,Medium
30.955538,75.779174,34.91,277.23,10.15,sandy,23.95,8.18,0.94,-14.89,0.358,0.917,0.331,Medium
31.124363,75.963867,212.29,419.53,2.96,loamy,66.35,3.21,2.64,-10.62,0.532,0.394,0.473,Medium
30.880373,75.728127,134.37,99.02,28.33,loamy,43.51,0.82,0.12,-22.39,0.561,0.61,0.419,Medium
31.196915,75.908296,231.25,349.45,15.83,sandy,94.68,3.07,2.94,-2.49,0.543,0.641,0.712,High
31.013717,75.618883,90.88,94.12,28.93,sandy,82.54,8.74,3.69,-11.9,0.178,0.371,0.367,Medium
31.164265,75.63946,284.99,446.18,21.37,sandy,20.36,2.07,3.2,-24.61,0.922,0.206,0.358,Medium
31.169725,75.601896,72.12,406.82,24.94,clay,98.71,8.27,1.86,-4.06,0.045,0.142,0.347,Medium
31.067413,75.952778,126.85,285.27,25.91,loamy,20.49,8.79,3.68,-18.18,0.69,0.416,0.23,Low
30.911235,75.96043,245.02,244.11,18.0,loamy,39.55,6.96,2.25,-8.43,0.223,0.638,0.483,Medium
31.160887,75.795415,55.01,163.69,28.31,sandy,68.09,9.31,1.99,-11.59,0.285,0.57,0.32,Low
30.84776,75.929151,265.21,475.1,16.64,loamy,12.71,9.96,2.34,-22.27,0.229,0.833,0.404,Medium
31.105017,75.922564,72.53,307.66,13.14,sandy,59.7,0.41,4.67,-5.83,0.189,0.21,0.283,Low
31.027521,75.979436,102.4,475.21,27.66,sandy,20.06,6.44,1.96,-21.17,0.292,0.064,0.107,Low
30.877736,75.863205,131.66,435.67,2.08,sandy,52.86,5.57,0.72,-0.9,0.057,0.685,0.443,Medium
31.01371,75.847434,50.97,466.4,11.11,sandy,10.38,2.34,1.91,-10.93,0.814,0.769,0.246,Low
30.889807,75.851315,169.09,36.96,19.47,clay,93.72,6.45,1.41,-9.6,0.45,0.748,0.658,Medium
31.045043,75.738059,296.39,227.49,27.58,sandy,53.65,3.6,0.72,-9.07,0.174,0.967,0.682,High
31.152775,75.747231,6.28,402.73,4.32,loamy,71.07,5.41,1.13,-14.94,0.84,0.353,0.281,Low
30.968456,75.76709,220.03,221.95,11.65,sandy,32.6,3.99,3.62,-19.85,0.217,0.191,0.352,Medium
31.149442,75.86373,185.66,450.18,16.45,clay,40.82,6.44,1.07,-21.47,0.109,0.652,0.436,Medium
31.133155,75.909831,187.08,25.44,6.52,loamy,15.67,3.84,2.59,-20.49,0.443,0.694,0.451,Medium
31.066797,75.709328,223.79,281.68,4.68,loamy,78.19,1.98,2.06,-13.29,0.868,0.131,0.602,Medium
30.926486,75.973208,183.7,367.66,26.28,loamy,78.7,0.86,0.04,-3.44,0.053,0.853,0.575,Medium
31.160722,75.681203,45.18,106.51,25.22,sandy,90.92,5.83,4.14,-13.12,0.704,0.29,0.309,Low
31.024755,75.960327,45.61,207.59,15.97,loamy,15.83,5.52,2.35,-0.42,0.69,0.904,0.357,Medium
31.065548,75.658659,133.47,377.84,4.07,sandy,37.94,1.7,0.1,-7.8,0.818,0.931,0.491,Medium
30.872733,75.957595,291.09,473.3,17.0,clay,98.78,8.86,0.34,-21.63,0.3,0.394,0.689,High
31.197159,75.916387,200.67,480.79,9.62,clay,94.88,0.83,3.01,-5.02,0.016,0.891,0.759,High
30.867624,75.940501,57.61,140.12,15.61,clay,48.96,9.06,0.26,-19.03,0.307,0.449,0.353,Medium
30.816182,75.899999,227.93,229.04,2.41,loamy,13.06,9.78,3.12,-6.63,0.019,0.381,0.403,Medium
30.952007,75.614393,201.57,348.43,10.07,clay,85.36,7.84,2.04,-16.45,0.943,0.719,0.689,High
30.995532,75.706669,274.01,459.39,2.54,loamy,31.86,5.09,0.57,-4.73,0.806,0.107,0.405,Medium
30.949355,75.661602,240.44,389.44,25.91,sandy,1.34,8.07,4.35,-9.56,0.156,0.626,0.359,Medium
30.984305,75.949361,235.84,52.92,3.66,clay,19.95,7.46,0.41,-22.71,0.951,0.004,0.435,Medium
30.89323,75.619999,23.82,160.2,15.88,loamy,19.73,9.88,3.03,-20.35,0.288,0.676,0.234,Low
30.824507,75.673971,1.89,87.93,5.93,sandy,54.2,9.73,3.5,-7.43,0.076,0.187,0.215,Low
31.196792,75.664969,190.59,296.15,18.05,loamy,28.54,4.27,4.12,-6.61,0.531,0.655,0.432,Medium
30.900667,75.901719,19.4,31.39,10.33,clay,61.98,8.18,0.4,-5.89,0.716,0.012,0.325,Low
30.835293,75.835255,274.9,180.74,20.43,loamy,6.59,2.62,4.2,-13.73,0.742,0.48,0.431,Medium
31.105365,75.72539,299.73,95.14,17.62,sandy,35.29,4.65,2.31,-1.91,0.846,0.972,0.665,High
31.159636,75.780871,42.62,375.28,12.59,sandy,13.94,3.17,4.95,-9.2,0.399,0.014,0.105,Low
31.064709,75.669112,177.88,91.95,2.85,sandy,14.99,3.37,0.11,-15.19,0.304,0.955,0.529,Medium
30.891096,75.794614,217.12,216.43,28.42,sandy,96.91,0.6,4.81,-23.33,0.323,0.477,0.61,Medium
30.894061,75.977335,241.09,208.17,0.39,sandy,15.86,6.3,3.42,-14.28,0.122,0.129,0.353,Medium
31.089903,75.92285,259.23,184.78,29.11,sandy,44.71,4.17,1.05,-16.84,0.233,0.872,0.565,Medium
31.166295,75.989011,236.04,277.5,17.32,sandy,19.44,1.27,1.61,-9.18,0.971,0.229,0.399,Medium
30.894807,75.927863,146.58,234.88,0.58,loamy,9.56,7.5,3.12,-22.97,0.491,0.603,0.339,Medium
31.183309,75.706403,134.85,388.72,23.74,sandy,14.31,8.48,0.3,-18.84,0.633,0.327,0.241,Low
30.993021,75.658448,81.83,160.02,29.56,loamy,53.63,8.24,3.23,-1.06,0.598,0.12,0.266,Low
31.094198,75.677977,239.65,141.23,23.72,loamy,81.86,0.11,1.3,-21.4,0.025,0.652,0.72,High
30.831484,75.785976,272.94,73.81,18.78,loamy,59.38,7.58,0.54,-18.16,0.276,0.706,0.605,Medium
30.86516,75.651414,286.83,61.96,26.03,loamy,36.88,3.15,3.6,-11.25,0.629,0.646,0.556,Medium
30.930644,75.934429,10.36,141.45,16.97,loamy,88.33,0.56,3.59,-21.7,0.064,0.068,0.248,Low
31.009112,75.976049,70.5,377.33,29.17,sandy,41.26,7.51,2.46,-11.37,0.525,0.642,0.268,Low
30.861994,75.929138,244.31,224.25,3.46,clay,26.08,2.39,3.22,-11.06,0.052,0.843,0.587,Medium
30.816958,75.6876,69.8,76.32,26.11,loamy,32.3,7.56,3.35,-24.52,0.766,0.492,0.26,Low
28.57885,77.275016,12.04,294.83,6.27,loamy,0.72,7.02,2.91,-15.8,0.899,0.164,0.07,Low
28.514492,77.4576,223.28,140.71,16.69,loamy,15.99,2.02,3.04,-16.64,0.327,0.26,0.362,Medium
28.414153,77.014409,181.01,325.7,15.35,loamy,18.48,0.42,4.02,-6.43,0.874,0.2,0.315,Low
28.598909,77.416465,202.26,443.33,24.54,sandy,5.44,6.26,2.83,-2.89,0.252,0.511,0.313,Low
28.386569,77.09046,100.18,249.8,21.6,clay,45.79,3.91,3.77,-1.98,0.48,0.597,0.426,Medium
28.56681,77.468913,23.3,53.63,0.01,sandy,5.0,0.11,1.37,-25.0,0.445,0.729,0.323,Low
28.338893,77.184025,193.73,485.47,22.26,sandy,28.0,6.54,1.49,-24.13,0.12,0.142,0.246,Low
28.672898,77.491642,274.37,60.16,19.1,clay,79.28,8.8,4.66,-20.64,0.113,0.725,0.75,High
28.654576,77.347459,81.94,11.28,16.9,sandy,69.18,2.15,1.99,-15.56,0.037,0.432,0.413,Medium
28.370009,77.006635,269.22,328.31,28.78,clay,70.99,7.19,1.01,-18.32,0.671,0.963,0.745,High
28.57587,77.405177,298.75,22.06,16.9,clay,55.89,7.03,3.96,-7.11,0.743,0.287,0.58,Medium
28.446919,77.410357,163.38,186.63,27.05,clay,54.08,3.21,3.2,-14.82,0.58,0.372,0.455,Medium
28.606925,77.073817,201.8,444.71,20.27,loamy,96.14,0.86,1.27,-21.56,0.925,0.645,0.638,Medium
28.515685,77.340169,266.92,171.73,27.55,clay,14.51,3.42,3.16,-6.38,0.851,0.574,0.538,Medium
28.616911,77.412343,118.91,411.72,26.42,clay,54.4,5.2,2.88,-18.63,0.55,0.942,0.457,Medium
28.573604,77.393862,146.75,162.74,25.09,sandy,93.69,5.23,4.1,-19.52,0.351,0.408,0.445,Medium
28.342571,77.320235,136.1,417.17,26.86,sandy,0.06,7.94,2.52,-22.3,0.144,0.072,0.131,Low
28.396733,77.20306,247.57,270.98,2.9,clay,2.35,0.31,0.61,-20.36,0.776,0.071,0.399,Medium
28.680405,77.210959,107.25,201.5,20.93,sandy,38.77,2.08,2.14,-10.26,0.478,0.615,0.362,Medium
28.496533,77.015759,95.89,15.52,21.02,clay,38.38,5.39,0.49,-7.79,0.62,0.351,0.426,Medium
28.496123,77.013664,11.6,243.72,27.18,loamy,54.37,0.83,3.62,-7.11,0.922,0.455,0.273,Low
28.396551,77.492,10.3,154.91,23.31,clay,21.66,4.11,0.05,-21.79,0.863,0.781,0.343,Medium
28.477772,77.251036,138.95,348.57,11.65,clay,65.37,0.49,2.93,-7.54,0.491,0.902,0.556,Medium
28.365098,77.145143,99.42,54.84,4.64,clay,19.91,4.86,0.03,-5.61,0.807,0.905,0.527,Medium
28.31755,77.091339,102.02,341.52,25.37,sandy,44.47,7.01,4.56,-22.46,0.139,0.74,0.321,Low
28.525108,77.219049,110.0,349.46,0.62,loamy,69.38,6.35,0.53,-13.16,0.279,0.557,0.423,Medium
28.32607,77.131388,284.6,178.82,12.04,clay,90.66,8.76,0.61,-20.95,0.57,0.665,0.799,High
28.698608,77.186658,78.9,33.41,23.7,sandy,41.33,5.6,1.16,-21.32,0.133,0.701,0.354,Medium
28.323998,77.394044,33.83,332.96,17.57,sandy,88.04,1.37,4.6,-3.49,0.801,0.189,0.291,Low
28.491494,77.049524,116.36,316.7,16.24,clay,14.61,1.27,2.55,-3.47,0.068,0.513,0.388,Medium
28.526463,77.123534,226.02,419.89,10.85,sandy,26.25,0.6,2.16,-3.23,0.781,0.028,0.358,Medium
28.672312,77.195388,181.93,433.47,22.46,sandy,61.49,7.9,4.44,-8.85,0.755,0.157,0.315,Low
28.415051,77.38655,129.82,15.46,1.99,sandy,89.17,1.46,3.21,-15.76,0.393,0.465,0.536,Medium
28.666844,77.151748,160.59,163.54,9.24,clay,51.14,3.86,4.36,-7.79,0.695,0.923,0.575,Medium
28.564404,77.286994,140.8,45.49,14.69,sandy,51.7,6.31,1.26,-18.29,0.271,0.289,0.388,Medium
28.425221,77.452905,272.17,283.01,10.46,sandy,82.57,5.18,2.06,-18.4,0.424,0.659,0.723,High
28.65622,77.069639,230.97,147.51,20.61,sandy,54.28,3.21,3.99,-10.46,0.173,0.725,0.559,Medium
28.555438,77.102867,236.98,415.19,5.49,loamy,49.7,2.46,2.42,-18.23,0.568,0.537,0.464,Medium
28.542394,77.126268,289.95,406.56,29.52,sandy,18.89,9.34,4.64,-13.63,0.991,0.584,0.385,Medium
28.526981,77.099595,15.3,213.85,29.45,loamy,47.64,3.87,0.6,-20.47,0.361,0.801,0.295,Low
28.63887,77.138678,164.55,134.21,23.52,clay,68.67,2.05,4.46,-10.84,0.01,0.338,0.482,Medium
28.41087,77.214901,69.15,309.16,17.12,sandy,55.26,8.41,0.76,-11.16,0.317,0.22,0.274,Low
28.630048,77.101571,184.89,477.24,2.74,clay,97.87,2.7,2.43,-22.61,0.845,0.221,0.49,Medium
28.366257,77.086772,66.1,53.69,7.16,sandy,57.96,6.0,1.93,-19.67,0.1,0.082,0.296,Low
28.477011,77.369582,115.34,307.53,11.4,loamy,27.17,8.82,2.46,-5.26,0.524,0.322,0.274,Low
28.546255,77.419109,181.97,186.48,21.1,loamy,69.89,3.78,3.94,-19.82,0.314,0.405,0.422,Medium
28.416272,77.115448,180.13,234.86,0.73,clay,24.41,6.98,2.26,-5.0,0.389,0.345,0.428,Medium
28.496383,77.362089,272.76,44.73,7.65,sandy,36.66,9.97,2.39,-20.79,0.854,0.645,0.542,Medium
28.624057,77.422951,293.75,182.29,22.82,sandy,91.58,0.92,3.48,-23.75,0.079,0.932,0.8,High
28.417261,77.42925,83.55,457.98,6.87,sandy,52.05,2.32,0.46,-23.7,0.655,0.784,0.396,Medium
28.676604,77.087972,164.38,471.01,26.85,sandy,80.77,1.95,3.56,-23.32,0.102,0.817,0.446,Medium
28.349655,77.231269,228.26,361.6,4.58,clay,24.56,0.09,4.28,-5.84,0.513,0.021,0.397,Medium
28.32274,77.067475,14.5,77.95,3.97,clay,83.43,5.74,1.4,-18.86,0.175,0.11,0.341,Medium
28.556054,77.377257,20.12,188.71,0.02,loamy,79.88,6.78,1.98,-11.46,0.404,0.525,0.389,Medium
28.677314,77.176968,181.66,359.18,22.48,clay,52.35,4.08,2.52,-12.51,0.805,0.207,0.402,Medium
28.447001,77.149221,181.32,206.21,11.28,sandy,31.45,1.99,0.08,-14.11,0.638,0.147,0.389,Medium
28.61621,77.374613,194.72,150.99,7.33,sandy,22.71,4.39,2.43,-13.34,0.465,0.882,0.5,Medium
28.46632,77.025673,284.32,448.52,27.68,sandy,5.31,4.65,1.93,-8.66,0.433,0.598,0.413,Medium
28.505025,77.238554,280.19,434.31,14.38,sandy,19.35,9.22,0.83,-0.2,0.146,0.711,0.486,Medium
28.309873,77.109347,156.33,12.07,12.1,clay,46.03,6.22,1.42,-23.73,0.517,0.123,0.405,Medium
28.495007,77.38182,10.85,389.65,21.86,loamy,6.73,9.68,4.66,-15.55,0.661,0.44,0.081,Low
28.406842,77.071106,274.5,46.59,11.52,sandy,4.19,3.03,4.77,-20.14,0.569,0.418,0.448,Medium
28.360659,77.273528,76.54,458.04,0.02,sandy,85.88,2.66,2.41,-23.35,0.468,0.981,0.486,Medium
28.497393,77.039985,137.88,449.7,18.5,clay,85.06,9.56,1.29,-11.04,0.889,0.814,0.51,Medium
28.565977,77.263355,200.33,417.68,17.69,loamy,80.62,7.78,1.23,-4.63,0.434,0.272,0.56,Medium
28.420228,77.486381,297.39,25.64,17.75,clay,25.76,8.24,2.78,-3.89,0.219,0.956,0.677,High
28.361303,77.049299,162.66,181.5,22.28,loamy,33.12,0.81,0.81,-12.97,0.928,0.066,0.323,Low
28.655723,77.217812,244.52,77.02,14.2,sandy,93.76,1.18,1.18,-3.02,0.492,0.958,0.864,High
28.462127,77.424725,85.94,305.29,4.95,sandy,32.71,3.77,0.41,-22.95,0.796,0.008,0.216,Low
28.497059,77.046158,291.02,404.05,19.44,clay,0.21,1.78,0.67,-0.41,0.367,0.686,0.562,Medium
28.4429,77.285999,12.13,446.44,9.9,sandy,58.29,9.88,3.07,-4.46,0.192,0.17,0.164,Low
28.697392,77.053769,178.01,307.72,15.78,clay,28.44,0.65,3.03,-18.5,0.643,0.7,0.45,Medium
28.542593,77.344516,9.61,426.08,19.95,loamy,81.03,3.59,2.54,-17.66,0.706,0.401,0.267,Low
28.39405,77.492299,92.8,163.3,7.22,sandy,15.52,0.79,2.94,-22.06,0.108,0.449,0.277,Low
28.329377,77.385183,206.32,289.64,21.56,loamy,12.26,6.44,4.71,-11.2,0.588,0.937,0.411,Medium
28.489291,77.016918,46.96,95.74,1.98,sandy,85.31,2.52,0.93,-12.56,0.658,0.397,0.436,Medium
28.429432,77.066452,98.07,483.35,12.67,sandy,91.55,5.67,3.5,-24.81,0.783,0.954,0.438,Medium
28.494758,77.494184,44.45,442.11,7.2,loamy,95.71,9.07,3.6,-14.55,0.771,0.632,0.36,Medium
28.620083,77.186512,0.82,241.4,24.73,loamy,21.11,3.33,3.29,-6.59,0.505,0.531,0.213,Low
28.697452,77.306232,183.67,217.47,28.49,clay,45.5,7.19,2.74,-11.53,0.756,0.045,0.35,Medium
28.462935,77.313521,237.55,237.26,26.35,clay,91.41,6.09,1.15,-17.12,0.591,0.449,0.685,High
28.560822,77.019355,68.84,452.19,7.62,sandy,53.07,0.41,4.76,-13.77,0.397,0.43,0.299,Low
28.620956,77.136817,244.33,273.27,12.5,loamy,95.26,7.95,3.2,-17.34,0.6,0.051,0.583,Medium
28.385366,77.330644,86.27,57.94,7.05,clay,56.08,3.29,2.73,-19.99,0.685,0.08,0.363,Medium
28.678631,77.010345,38.96,374.71,7.75,loamy,67.18,4.16,4.53,-19.9,0.164,0.098,0.216,Low
28.423797,77.27116,164.6,34.29,29.48,clay,85.3,0.03,1.2,-5.53,0.794,0.944,0.713,High
28.345348,77.225646,36.43,383.0,23.39,loamy,12.21,6.68,1.39,-22.92,0.789,0.353,0.118,Low
28.37572,77.47247,217.59,455.46,18.61,clay,76.65,9.92,0.81,-16.45,0.522,0.69,0.634,Medium
28.696445,77.378657,105.41,170.09,11.68,clay,10.36,5.12,4.06,-19.69,0.19,0.637,0.355,Medium
28.599094,77.03345,297.91,113.38,19.71,clay,49.44,7.71,1.94,-8.94,0.199,0.042,0.522,Medium
28.301489,77.177711,296.3,466.96,19.46,loamy,83.75,9.7,4.31,-22.87,0.843,0.595,0.622,Medium
28.346598,77.067885,148.3,498.07,21.78,sandy,62.49,0.32,4.18,-17.07,0.312,0.822,0.416,Medium
28.643463,77.027457,90.06,482.04,4.11,sandy,37.96,1.53,1.7,-14.7,0.074,0.531,0.298,Low
28.423354,77.14991,6.82,490.63,9.83,clay,86.95,9.31,3.01,-3.71,0.363,0.095,0.242,Low
28.433514,77.444204,54.79,106.16,24.01,sandy,27.65,8.41,2.75,-11.47,0.859,0.812,0.321,Low
28.530945,77.345241,89.16,276.18,8.93,clay,75.23,0.41,4.59,-14.5,0.658,0.269,0.378,Medium
28.327499,77.474492,176.49,53.41,14.31,loamy,36.11,5.42,1.32,-10.23,0.561,0.794,0.495,Medium
28.367352,77.324243,170.7,433.35,18.93,sandy,21.84,7.08,0.85,-1.07,0.864,0.51,0.372,Medium
28.302115,77.261488,81.99,397.33,23.29,sandy,54.76,0.59,1.06,-8.33,0.192,0.528,0.342,Medium
28.461808,77.295385,273.22,143.83,7.47,clay,12.46,4.2,3.24,-12.56,0.978,0.406,0.497,Medium
28.401174,77.064096,55.31,320.41,3.6,loamy,13.24,0.4,4.99,-6.38,0.731,0.684,0.269,Low
28.387254,77.4797,172.37,325.93,21.52,clay,1.38,1.07,1.03,-21.39,0.724,0.786,0.438,Medium
28.430045,77.205563,197.86,340.16,13.3,sandy,63.51,2.07,1.77,-3.25,0.858,0.662,0.532,Medium
28.679657,77.218725,75.63,216.65,4.76,clay,83.37,7.48,2.62,-19.9,0.11,0.287,0.386,Medium
28.370824,77.384527,141.97,381.32,1.96,loamy,30.32,2.24,1.0,-3.4,0.839,0.964,0.479,Medium
28.49214,77.219065,40.05,390.5,19.36,sandy,98.65,5.52,3.21,-21.38,0.268,0.371,0.289,Low
28.339534,77.431001,154.94,155.11,12.11,sandy,95.72,1.07,4.49,-18.7,0.244,0.958,0.616,Medium
28.64234,77.287207,277.33,460.91,18.83,clay,0.34,9.59,1.64,-7.76,0.554,0.568,0.418,Medium
28.377368,77.054233,91.9,382.08,7.54,clay,58.62,6.29,3.35,-0.98,0.565,0.357,0.37,Medium
28.549848,77.445129,97.41,428.9,10.71,clay,53.25,4.93,2.15,-10.94,0.69,0.103,0.319,Low
28.392522,77.433276,61.49,206.18,29.88,sandy,68.1,9.76,2.21,-21.61,0.738,0.218,0.22,Low
28.402583,77.459102,122.74,495.66,19.29,clay,89.31,0.93,4.62,-9.71,0.094,0.25,0.404,Medium
28.598567,77.469136,72.36,238.01,8.31,sandy,75.73,7.29,4.63,-12.76,0.992,0.796,0.429,Medium
28.340037,77.25185,68.8,287.84,0.0,loamy,93.47,7.53,2.78,-20.89,0.739,0.981,0.49,Medium
28.566919,77.096272,246.69,117.11,1.36,sandy,82.73,1.98,1.47,-23.47,0.449,0.619,0.72,High
28.590298,77.362031,109.99,378.29,22.83,clay,43.18,6.88,4.17,-21.02,0.378,0.171,0.23,Low
28.370038,77.421454,126.11,42.41,4.73,sandy,41.51,4.35,3.5,-20.85,0.714,0.714,0.452,Medium
28.512346,77.450457,177.5,480.95,17.57,sandy,45.31,8.29,2.97,-8.49,0.216,0.449,0.331,Medium
28.634676,77.222538,94.72,303.14,27.79,clay,83.56,1.96,1.48,-5.69,0.465,0.091,0.39,Medium
28.618641,77.063389,16.14,368.5,16.01,clay,56.01,3.95,3.25,-7.19,0.817,0.053,0.209,Low
28.65032,77.399471,72.14,25.38,25.75,loamy,7.42,5.39,0.42,-11.87,0.094,0.261,0.238,Low
28.631244,77.022009,147.15,418.95,4.19,clay,69.88,0.89,0.74,-13.94,0.422,0.634,0.516,Medium
28.604056,77.23045,204.4,496.38,10.13,sandy,1.15,0.27,3.32,-24.39,0.81,0.03,0.206,Low
28.603023,77.403986,175.75,41.32,5.71,clay,9.83,7.84,2.7,-15.71,0.787,0.748,0.484,Medium
28.58769,77.494201,93.85,336.09,23.84,loamy,28.99,2.92,0.8,-11.36,0.148,0.668,0.335,Medium
28.414874,77.261111,230.4,75.29,24.73,sandy,62.17,0.42,1.9,-23.99,0.435,0.026,0.439,Medium
28.301118,77.130643,73.68,172.68,10.24,sandy,51.59,5.3,2.03,-10.92,0.236,0.149,0.277,Low
28.391138,77.16082,198.4,183.11,24.65,clay,37.53,0.42,3.57,-9.37,0.053,0.208,0.427,Medium
28.64241,77.279131,185.43,393.26,0.51,loamy,63.62,9.39,4.62,-20.38,0.065,0.268,0.335,Medium
28.348964,77.195838,250.47,62.13,16.67,loamy,0.5,6.26,1.29,-3.58,0.177,0.948,0.549,Medium
28.67236,77.257832,113.43,381.93,15.85,sandy,26.78,1.55,0.33,-7.58,0.619,0.295,0.284,Low
28.528568,77.334748,219.17,203.82,4.76,sandy,41.98,7.17,1.84,-6.87,0.528,0.214,0.422,Medium
28.611318,77.041084,262.03,411.02,8.75,clay,38.99,3.55,3.75,-6.06,0.866,0.042,0.43,Medium
28.391632,77.337875,101.98,341.59,8.81,clay,91.14,0.23,0.42,-15.57,0.411,0.28,0.462,Medium
28.530284,77.407361,151.56,459.03,23.16,clay,36.84,5.56,2.5,-20.54,0.982,0.332,0.336,Medium
28.486273,77.415877,18.46,344.13,1.13,loamy,5.75,8.53,1.19,-2.09,0.209,0.765,0.248,Low
28.63141,77.128859,94.52,354.44,11.84,sandy,14.14,1.02,0.47,-10.0,0.526,0.721,0.358,Medium
28.517751,77.303228,59.59,296.66,18.93,sandy,21.68,4.05,1.62,-19.36,0.882,0.855,0.317,Low
28.682484,77.459065,183.56,252.44,22.75,sandy,38.93,4.62,2.5,-14.82,0.553,0.864,0.484,Medium
28.304269,77.092414,246.1,498.63,0.88,sandy,77.86,1.12,0.64,-10.07,0.924,0.244,0.612,Medium
28.488909,77.351419,79.17,141.82,29.37,sandy,72.48,4.16,0.02,-9.47,0.214,0.368,0.392,Medium
28.353571,77.028973,93.37,35.46,3.7,loamy,77.19,2.87,2.7,-19.35,0.397,0.477,0.463,Medium
28.534623,77.378261,122.18,85.3,21.69,clay,60.66,5.06,0.37,-13.72,0.335,0.418,0.451,Medium
28.673511,77.347709,257.18,146.97,15.59,loamy,74.71,8.3,3.15,-5.55,0.337,0.492,0.661,High
28.474148,77.395366,13.91,346.84,3.5,sandy,78.03,0.18,0.21,-20.18,0.99,0.52,0.344,Medium
28.456236,77.44227,26.51,435.62,0.82,sandy,45.56,3.2,3.73,-22.5,0.176,0.219,0.191,Low
28.442318,77.408699,152.72,91.7,17.16,loamy,84.74,4.24,2.81,-2.44,0.621,0.984,0.631,Medium
28.41616,77.481565,34.75,152.0,16.64,clay,98.51,7.8,1.71,-19.06,0.863,0.913,0.521,Medium
28.511443,77.203729,63.59,322.57,18.44,sandy,10.25,3.71,3.46,-24.55,0.822,0.507,0.208,Low
28.532337,77.03242,86.8,287.04,28.05,clay,45.31,2.55,4.04,-14.93,0.598,0.573,0.373,Medium
28.468295,77.312242,242.42,434.79,19.7,clay,64.17,7.59,3.73,-8.1,0.761,0.854,0.564,Medium
28.508885,77.072591,235.06,289.64,19.1,loamy,14.69,5.65,1.47,-5.69,0.887,0.569,0.446,Medium
28.642734,77.476644,267.16,54.18,25.18,clay,22.3,7.81,3.88,-14.25,0.564,0.961,0.577,Medium
28.548887,77.01148,167.37,77.5,19.21,loamy,41.77,8.92,3.21,-20.65,0.216,0.562,0.418,Medium
28.391244,77.303366,97.73,331.27,27.24,loamy,89.85,5.2,3.29,-10.97,0.017,0.819,0.44,Medium
28.301229,77.172341,122.24,331.79,29.45,clay,56.63,4.34,0.15,-4.89,0.784,0.406,0.429,Medium
28.5178,77.073306,198.28,46.75,16.52,loamy,34.47,6.3,4.62,-19.58,0.562,0.809,0.459,Medium
28.632246,77.441143,229.95,403.62,9.41,sandy,92.38,1.2,4.22,-5.57,0.399,0.149,0.592,Medium
28.609258,77.424882,81.57,449.5,25.64,clay,16.42,7.52,0.0,-8.31,0.514,0.6,0.314,Low
28.455715,77.499222,35.04,489.83,11.62,sandy,8.12,1.93,3.06,-4.41,0.823,0.025,0.108,Low
28.450077,77.027993,194.49,40.05,18.9,sandy,73.77,0.54,2.04,-20.57,0.63,0.196,0.481,Medium
28.477325,77.205567,43.09,364.99,6.62,sandy,1.68,4.95,2.21,-17.96,0.162,0.714,0.22,Low
28.355892,77.20161,258.9,335.7,17.89,sandy,55.55,0.92,4.36,-6.88,0.826,0.923,0.613,Medium
28.692793,77.282711,279.75,33.4,23.33,sandy,93.66,6.75,1.31,-0.74,0.198,0.454,0.748,High
28.353066,77.465693,107.36,465.31,6.08,clay,40.13,4.67,4.64,-13.39,0.205,0.996,0.453,Medium
28.571213,77.039297,49.01,189.91,6.57,loamy,82.52,9.8,1.59,-13.31,0.546,0.976,0.464,Medium
28.376155,77.223745,267.42,272.59,9.21,loamy,72.6,1.69,2.89,-23.81,0.864,0.294,0.598,Medium
28.626985,77.21558,85.43,26.45,13.55,loamy,83.2,3.98,2.67,-1.81,0.905,0.741,0.522,Medium
28.505356,77.457585,22.55,416.98,19.17,clay,89.43,5.89,4.14,-22.44,0.193,0.519,0.343,Medium
28.368648,77.273063,220.36,245.65,21.94,loamy,23.39,4.26,4.13,-3.13,0.539,0.877,0.502,Medium
28.370887,77.340766,95.53,14.58,6.87,clay,95.98,0.23,3.93,-10.28,0.719,0.429,0.555,Medium
28.697787,77.226787,210.03,201.33,28.15,sandy,40.51,7.8,0.73,-5.19,0.365,0.002,0.349,Medium
28.333741,77.42034,54.13,314.59,9.84,sandy,99.22,6.79,3.3,-24.63,0.335,0.989,0.472,Medium
28.574699,77.202467,45.1,36.43,19.54,clay,7.28,5.71,1.64,-15.05,0.457,0.594,0.295,Low
28.536253,77.386285,80.56,214.98,18.27,sandy,54.67,0.16,0.79,-2.7,0.038,0.331,0.35,Medium
28.542067,77.364818,198.69,271.14,29.25,loamy,69.14,5.07,1.46,-21.75,0.882,0.338,0.428,Medium
28.504882,77.314758,194.18,141.78,13.56,loamy,45.79,8.1,4.56,-7.62,0.441,0.357,0.392,Medium
28.658078,77.200827,117.15,97.99,23.07,loamy,2.62,6.16,1.37,-5.49,0.964,0.063,0.227,Low
28.689343,77.247449,159.66,192.24,4.5,loamy,91.53,5.06,3.59,-21.15,0.834,0.32,0.46,Medium
28.497563,77.374882,237.16,266.07,20.45,sandy,64.35,6.82,3.96,-15.78,0.696,0.883,0.556,Medium
28.647115,77.377784,117.05,363.84,9.96,loamy,3.83,6.73,0.84,-2.51,0.176,0.746,0.352,Medium
28.407329,77.091278,157.08,230.34,11.82,sandy,82.65,6.11,0.93,-18.83,0.952,0.684,0.525,Medium
28.638697,77.394768,249.09,111.1,28.22,loamy,90.15,5.73,0.52,-14.88,0.261,0.684,0.75,High
28.374641,77.380749,216.73,466.08,5.34,clay,38.91,9.69,0.86,-1.35,0.222,0.695,0.515,Medium
28.543175,77.343219,30.67,430.23,28.19,sandy,71.06,3.69,0.13,-8.85,0.519,0.956,0.411,Medium
28.523474,77.007816,96.13,243.88,20.4,clay,22.42,1.94,3.14,-22.0,0.675,0.512,0.329,Low
28.670527,77.056598,144.37,242.12,1.41,loamy,70.47,5.82,1.35,-24.06,0.839,0.21,0.378,Medium
28.430098,77.226838,98.03,163.88,3.22,clay,36.61,8.86,4.09,-13.1,0.846,0.525,0.366,Medium
28.4705,77.42578,13.74,479.9,7.97,clay,69.71,6.43,0.55,-1.24,0.792,0.035,0.255,Low
28.482653,77.307859,284.39,61.01,17.75,loamy,6.01,7.33,0.66,-13.05,0.272,0.13,0.425,Medium
28.510713,77.428227,104.49,81.39,4.11,sandy,80.91,8.09,2.14,-23.54,0.324,0.773,0.489,Medium
28.616918,77.22489,132.66,149.33,5.03,loamy,33.79,3.37,3.7,-8.27,0.541,0.34,0.363,Medium
28.685814,77.398301,95.2,356.34,18.41,sandy,12.89,9.58,4.55,-0.81,0.812,0.428,0.203,Low
28.35445,77.425507,264.75,21.44,24.05,sandy,22.96,6.47,1.16,-1.04,0.131,0.877,0.611,Medium
28.63083,77.399656,260.55,34.62,0.17,sandy,3.38,2.04,3.17,-11.11,0.182,0.1,0.408,Medium
28.640449,77.262396,114.92,293.22,29.85,loamy,49.96,8.5,4.95,-19.45,0.449,0.637,0.301,Low
28.679783,77.321573,44.91,3.18,10.99,loamy,73.87,1.68,1.84,-19.77,0.959,0.526,0.425,Medium
28.36915,77.271682,244.91,368.52,5.71,sandy,20.02,1.43,4.21,-24.82,0.305,0.093,0.317,Low
28.303246,77.044925,73.42,131.2,4.8,clay,46.32,0.24,0.83,-13.21,0.519,0.087,0.362,Medium
28.614769,77.449926,144.02,160.42,22.4,sandy,62.77,4.84,1.89,-3.43,0.942,0.325,0.42,Medium
28.504371,77.387759,200.94,226.79,26.99,loamy,72.96,3.92,2.75,-20.46,0.44,0.121,0.491,Medium
28.325329,77.343741,59.5,393.61,21.85,clay,65.54,9.67,4.78,-1.85,0.326,0.173,0.263,Low
28.52675,77.307405,222.3,440.78,28.66,clay,79.94,6.57,2.93,-8.99,0.236,0.551,0.616,Medium
28.366626,77.32666,210.74,122.26,17.33,clay,20.32,5.56,1.54,-14.55,0.489,0.645,0.514,Medium
28.653003,77.109433,242.47,144.92,28.26,loamy,26.1,2.54,4.05,-5.63,0.611,0.725,0.486,Medium
28.478731,77.412435,258.18,219.4,5.6,sandy,6.99,0.55,1.23,-2.47,0.469,0.527,0.504,Medium
28.345005,77.245164,268.61,163.44,17.39,loamy,91.5,2.43,0.75,-4.69,0.753,0.099,0.692,High
28.458853,77.395293,258.89,273.99,5.2,clay,26.53,5.54,3.03,-1.51,0.885,0.519,0.542,Medium
28.527569,77.174656,63.18,369.99,21.15,sandy,51.43,1.85,3.19,-15.14,0.061,0.838,0.363,Medium
28.699018,77.384284,60.6,139.07,9.06,clay,64.54,8.15,4.28,-10.65,0.109,0.066,0.319,Low
28.365202,77.105026,218.39,449.27,26.03,sandy,14.92,5.77,3.9,-6.76,0.587,0.348,0.284,Low
28.421116,77.238984,196.13,367.46,5.79,loamy,19.63,0.05,2.08,-13.25,0.21,0.593,0.407,Medium
28.686966,77.072592,14.52,75.47,4.55,sandy,11.81,6.87,3.5,-13.49,0.467,0.66,0.233,Low
28.542335,77.373011,26.77,56.35,12.08,sandy,18.07,1.21,3.61,-13.84,0.723,0.662,0.311,Low
28.603981,77.466201,59.39,311.49,21.89,sandy,57.19,4.31,1.69,-11.6,0.66,0.455,0.319,Low
28.624504,77.388324,31.09,382.18,8.46,sandy,28.45,7.9,3.42,-9.37,0.141,0.337,0.153,Low
28.565969,77.490992,45.04,143.36,3.86,clay,59.14,7.01,1.83,-0.81,0.722,0.84,0.474,Medium
28.596845,77.327578,241.61,107.31,20.01,loamy,12.82,6.95,2.48,-24.57,0.097,0.969,0.482,Medium
28.410185,77.211931,107.7,163.32,11.0,sandy,92.4,2.12,0.14,-1.46,0.888,0.779,0.563,Medium
28.69604,77.465093,126.74,180.91,4.86,sandy,49.49,0.6,3.0,-23.46,0.719,0.964,0.492,Medium
28.644786,77.01119,68.46,63.24,8.44,loamy,90.11,3.42,1.31,-3.4,0.828,0.684,0.527,Medium
28.388735,77.355166,85.64,124.85,3.74,loamy,90.8,4.06,2.48,-2.14,0.64,0.369,0.476,Medium
28.423304,77.032441,132.84,338.53,29.94,sandy,42.52,1.72,1.23,-13.01,0.106,0.837,0.411,Medium
28.473674,77.05528,166.48,384.58,23.92,loamy,3.87,0.27,4.56,-5.19,0.554,0.1,0.216,Low
28.605378,77.04499,48.56,258.14,16.33,loamy,81.23,6.7,2.24,-21.3,0.03,0.72,0.397,Medium
28.581722,77.231728,58.65,21.23,13.59,sandy,46.19,2.29,0.4,-23.81,0.87,0.361,0.334,Medium
28.410219,77.150118,240.31,87.49,21.12,sandy,56.51,1.82,2.66,-11.8,0.355,0.426,0.524,Medium
28.401504,77.014842,36.15,2.73,5.97,loamy,87.22,2.0,2.01,-4.44,0.919,0.439,0.439,Medium
28.47499,77.196812,246.96,39.47,17.55,loamy,83.07,6.99,2.38,-24.2,0.98,0.403,0.646,Medium
28.424241,77.165166,176.79,377.55,23.85,sandy,58.85,6.67,0.62,-18.69,0.02,0.655,0.437,Medium
28.517551,77.470738,20.38,357.45,22.72,clay,63.11,2.7,0.02,-18.77,0.997,0.066,0.261,Low
28.316919,77.305279,150.55,403.92,8.93,clay,82.17,9.29,1.98,-9.85,0.99,0.639,0.517,Medium
28.379466,77.295159,205.55,406.83,11.47,loamy,29.26,4.11,1.91,-22.51,0.216,0.287,0.318,Low
28.491957,77.133087,69.99,87.1,9.67,sandy,73.7,9.67,3.35,-10.12,0.583,0.912,0.484,Medium
28.478427,77.00733,213.45,455.54,4.95,loamy,98.8,6.6,0.13,-13.32,0.516,0.82,0.716,High
28.368611,77.044511,16.48,79.18,19.96,sandy,80.32,6.28,0.48,-1.73,0.937,0.944,0.489,Medium
28.394084,77.342173,225.28,285.78,17.86,clay,78.0,4.49,0.73,-22.2,0.976,0.963,0.772,High
28.515001,77.31298,289.37,463.9,15.25,clay,85.14,9.71,4.64,-2.65,0.304,0.138,0.629,Medium
28.480517,77.440089,106.82,256.57,27.81,loamy,44.04,5.07,2.19,-24.71,0.173,0.812,0.353,Medium
28.318729,77.237154,141.98,46.85,25.28,clay,38.02,0.85,2.98,-22.71,0.648,0.084,0.34,Medium
28.656396,77.33717,177.13,395.73,18.0,loamy,90.38,1.5,3.63,-15.2,0.943,0.67,0.522,Medium
28.565833,77.025013,12.94,177.32,21.4,sandy,79.05,7.9,2.12,-16.13,0.044,0.9,0.393,Medium
28.370812,77.142059,268.13,345.47,16.75,sandy,37.74,1.07,4.66,-10.47,0.859,0.659,0.511,Medium
28.37269,77.319999,265.43,463.11,21.06,sandy,60.98,3.84,1.24,-18.38,0.612,0.026,0.395,Medium
28.424957,77.03238,3.48,280.42,3.07,sandy,98.12,3.56,3.8,-4.36,0.407,0.543,0.368,Medium
28.501013,77.286935,236.8,111.0,16.04,loamy,50.18,6.14,4.4,-21.56,0.259,0.48,0.486,Medium
28.601158,77.222587,172.73,212.46,18.7,sandy,29.99,2.14,4.15,-10.34,0.757,0.725,0.425,Medium
28.602196,77.299845,244.46,499.29,26.19,clay,10.8,2.13,3.6,-2.64,0.342,0.981,0.499,Medium
28.401805,77.278147,28.32,166.23,24.9,sandy,16.56,9.06,1.39,-17.45,0.145,0.125,0.101,Low
28.427153,77.015783,57.97,144.58,0.85,loamy,40.21,0.63,3.78,-12.89,0.912,0.748,0.402,Medium
28.350711,77.129346,161.47,376.5,18.91,loamy,95.64,7.29,4.33,-13.46,0.551,0.097,0.342,Medium
28.408348,77.258486,298.58,393.64,25.19,loamy,91.91,6.27,4.74,-11.35,0.616,0.538,0.68,High
28.39959,77.487628,118.75,309.27,13.21,clay,38.12,3.12,4.46,-22.74,0.34,0.261,0.3,Low
28.563963,77.055323,184.11,361.19,20.39,sandy,68.75,4.78,1.81,-7.58,0.381,0.695,0.491,Medium
28.328153,77.039303,204.83,30.93,24.98,loamy,77.13,8.08,1.04,-17.14,0.411,0.709,0.653,Medium
28.505867,77.129953,111.72,27.91,14.57,sandy,59.41,6.51,1.51,-21.6,0.53,0.58,0.413,Medium
28.417327,77.188168,112.51,432.59,23.57,clay,55.68,4.35,2.49,-23.75,0.789,0.262,0.287,Low
28.616201,77.155371,127.08,182.09,22.69,sandy,89.25,5.71,3.91,-17.29,0.319,0.221,0.385,Medium
28.622106,77.014446,39.26,428.52,11.09,clay,87.59,7.83,4.27,-20.39,0.419,0.701,0.36,Medium
28.458596,77.167001,182.47,114.45,1.61,loamy,67.53,1.6,0.93,-20.63,0.294,0.963,0.638,Medium
28.471273,77.440677,208.18,236.97,12.04,clay,61.33,3.9,0.52,-20.58,0.709,0.1,0.462,Medium
28.688965,77.25168,286.96,266.7,15.51,sandy,6.0,7.6,4.9,-24.62,0.475,0.516,0.383,Medium
28.584387,77.495818,38.36,437.31,5.19,loamy,94.18,4.44,3.93,-24.66,0.802,0.446,0.329,Low
28.463419,77.131561,49.23,405.99,2.28,clay,91.95,0.53,2.64,-19.28,0.76,0.479,0.415,Medium
28.438288,77.294371,115.76,376.28,1.44,loamy,97.37,6.36,1.84,-18.38,0.514,0.31,0.393,Medium
28.522997,77.375589,151.04,439.32,10.86,clay,95.0,0.47,3.38,-14.27,0.306,0.367,0.5,Medium
28.435416,77.072821,59.04,440.03,3.34,clay,15.42,7.13,2.24,-5.76,0.615,0.736,0.343,Medium
28.572869,77.310395,244.68,42.43,13.15,clay,76.42,2.43,1.47,-8.96,0.742,0.489,0.751,High
28.647044,77.277544,113.85,84.86,2.18,loamy,71.42,6.55,0.3,-3.83,0.607,0.387,0.46,Medium
28.316681,77.164476,190.6,16.6,18.27,clay,22.95,7.19,2.52,-21.38,0.624,0.229,0.409,Medium
28.652439,77.005908,257.35,431.61,23.64,clay,51.47,7.15,1.98,-13.15,0.287,0.905,0.597,Medium
28.438136,77.086125,76.23,458.39,28.67,sandy,42.75,8.26,1.05,-11.62,0.362,0.066,0.165,Low
28.386977,77.352288,165.74,7.78,20.59,clay,80.05,6.7,1.2,-10.11,0.147,0.456,0.566,Medium
28.564428,77.437067,220.6,401.95,17.04,loamy,58.63,5.14,0.78,-2.83,0.691,0.061,0.422,Medium
28.425801,77.289388,39.85,239.67,8.23,loamy,13.75,3.77,0.18,-22.76,0.729,0.598,0.269,Low
28.452535,77.126317,80.34,452.28,24.95,loamy,59.24,1.63,1.18,-10.8,0.103,0.976,0.44,Medium
28.563812,77.249985,117.57,408.46,28.31,loamy,98.34,5.17,2.57,-23.77,0.578,0.924,0.458,Medium
28.348451,77.408107,4.47,115.01,26.67,sandy,69.17,3.86,2.17,-22.13,0.91,0.508,0.297,Low
28.568589,77.279054,240.61,240.42,11.59,sandy,8.36,2.95,1.86,-5.08,0.289,0.917,0.519,Medium
28.521213,77.464278,194.96,320.58,2.55,loamy,4.74,4.83,2.11,-6.22,0.856,0.642,0.395,Medium
28.423732,77.433177,176.61,416.03,23.7,sandy,19.86,7.73,0.08,-4.12,0.404,0.182,0.277,Low
28.626232,77.471729,285.75,294.16,13.13,sandy,1.95,6.89,2.18,-0.69,0.668,0.422,0.419,Medium
28.305217,77.323652,274.84,149.55,2.6,sandy,84.07,9.93,1.12,-17.95,0.808,0.542,0.704,High
28.545647,77.461197,177.44,386.21,14.08,loamy,1.5,7.73,3.8,-14.25,0.548,0.294,0.219,Low
28.513718,77.283734,186.55,79.65,18.21,clay,52.8,5.4,2.79,-12.0,0.635,0.118,0.442,Medium
28.572851,77.320419,234.48,36.32,0.92,clay,42.88,3.63,4.22,-10.77,0.897,0.023,0.488,Medium
28.350602,77.471634,39.81,440.59,22.92,sandy,84.93,6.31,2.89,-4.22,0.187,0.015,0.237,Low
28.521318,77.002922,283.08,448.66,11.06,sandy,7.28,4.61,1.68,-17.14,0.957,0.461,0.406,Medium
28.582427,77.335482,41.39,148.4,18.06,clay,9.66,6.73,4.17,-11.21,0.28,0.609,0.279,Low
28.675986,77.217871,53.11,70.46,28.29,sandy,58.76,4.49,4.06,-2.96,0.913,0.264,0.302,Low
28.40656,77.065945,246.99,173.31,8.81,loamy,83.5,3.19,3.9,-21.84,0.845,0.142,0.608,Medium
28.446868,77.415252,213.09,9.03,22.03,sandy,39.93,9.25,4.49,-14.75,0.951,0.459,0.414,Medium
28.354405,77.423809,141.0,88.81,4.89,loamy,32.81,7.21,3.94,-24.87,0.089,0.52,0.377,Medium
28.626731,77.091384,206.65,358.54,7.21,sandy,41.97,3.89,4.67,-1.9,0.795,0.373,0.411,Medium
28.323567,77.175716,168.74,349.01,28.46,sandy,57.44,9.75,3.05,-3.9,0.886,0.109,0.314,Low
28.334469,77.092965,24.26,440.06,22.32,sandy,81.69,7.94,0.27,-10.76,0.2,0.033,0.188,Low
28.472075,77.156955,4.41,478.49,7.69,clay,98.8,0.87,2.52,-5.37,0.562,0.327,0.36,Medium
28.624291,77.070425,170.25,234.16,17.79,loamy,86.52,4.12,0.66,-18.57,0.957,0.766,0.552,Medium
28.593081,77.479668,237.91,257.34,4.24,loamy,80.48,8.11,0.41,-2.46,0.725,0.071,0.595,Medium
28.318162,77.175898,168.44,305.39,6.65,sandy,46.83,2.97,4.85,-5.41,0.728,0.438,0.404,Medium
28.652524,77.120978,261.41,75.69,15.9,loamy,27.3,5.46,0.19,-14.27,0.194,0.548,0.546,Medium
28.698582,77.445498,279.28,251.69,16.41,clay,31.79,2.28,4.61,-5.06,0.631,0.85,0.614,Medium
28.35516,77.023716,100.2,222.76,13.33,sandy,5.01,3.6,3.1,-16.19,0.364,0.397,0.23,Low
28.373109,77.412326,178.22,270.42,10.0,clay,10.71,4.93,3.5,-6.73,0.666,0.6,0.441,Medium
28.339892,77.041667,30.04,389.45,28.24,sandy,98.63,0.19,1.64,-17.63,0.942,0.682,0.368,Medium
28.581079,77.084095,7.14,358.54,11.13,sandy,81.76,9.32,3.49,-22.92,0.177,0.001,0.137,Low
28.354093,77.218869,94.12,396.94,16.98,clay,5.95,1.58,2.09,-4.69,0.919,0.079,0.21,Low
28.38584,77.359737,54.93,439.25,29.0,loamy,68.64,2.6,3.17,-9.56,0.032,0.283,0.267,Low
28.496925,77.382492,211.26,422.26,13.91,loamy,93.08,7.08,2.95,-15.85,0.028,0.231,0.549,Medium
28.326305,77.004861,117.8,478.7,18.66,clay,77.29,0.12,3.45,-10.53,0.003,0.348,0.426,Medium
28.651315,77.214204,151.94,349.36,22.81,sandy,54.28,6.27,4.55,-1.11,0.99,0.337,0.346,Medium
28.656763,77.479922,107.75,379.98,7.31,sandy,56.71,1.47,1.81,-23.23,0.059,0.964,0.457,Medium
28.531044,77.322063,119.34,214.24,27.42,clay,5.88,5.47,3.59,-13.06,0.044,0.695,0.332,Medium
28.491593,77.133528,204.07,358.33,28.69,loamy,57.03,2.89,2.91,-0.92,0.375,0.225,0.378,Medium
28.496311,77.188488,254.42,78.59,9.84,sandy,63.29,8.28,0.36,-19.69,0.379,0.255,0.531,Medium
28.373458,77.052884,161.17,91.89,1.83,sandy,94.7,7.02,0.75,-5.27,0.308,0.856,0.63,Medium
28.594892,77.015974,11.95,447.52,12.65,loamy,35.62,0.06,3.82,-11.47,0.914,0.51,0.203,Low
28.360587,77.451426,26.52,196.29,6.6,sandy,92.75,2.82,3.39,-1.06,0.924,0.457,0.413,Medium
28.698409,77.278242,294.61,225.57,25.72,clay,8.77,5.93,2.97,-14.41,0.167,0.046,0.413,Medium
28.396108,77.335518,264.69,398.67,26.54,sandy,37.0,5.21,0.39,-13.45,0.463,0.025,0.367,Medium
28.300439,77.222459,27.25,172.13,4.86,clay,55.07,1.81,2.16,-1.06,0.099,0.795,0.48,Medium
28.368367,77.176286,273.12,392.84,15.67,clay,72.28,6.86,2.83,-14.16,0.773,0.503,0.661,High
28.448571,77.275119,24.47,294.27,9.39,clay,69.03,4.7,3.52,-22.65,0.556,0.044,0.225,Low
28.696966,77.169835,70.9,267.49,24.25,loamy,21.59,5.47,1.88,-1.43,0.509,0.582,0.304,Low
28.621482,77.138055,288.43,155.5,1.6,sandy,51.39,1.68,3.77,-20.94,0.054,0.551,0.584,Medium
28.514662,77.312636,251.6,114.32,19.87,sandy,25.2,2.77,2.44,-18.03,0.211,0.132,0.408,Medium
28.50996,77.054853,126.44,476.74,10.8,loamy,19.63,0.1,0.63,-9.32,0.013,0.036,0.222,Low
28.320283,77.468552,208.76,109.51,3.94,clay,49.8,8.5,0.64,-3.1,0.244,0.718,0.6,Medium
28.610738,77.065321,28.06,167.73,1.41,sandy,19.7,6.82,4.12,-16.39,0.793,0.231,0.183,Low
28.482767,77.177929,270.93,47.98,16.12,sandy,7.1,0.23,0.81,-10.04,0.416,0.883,0.603,Medium
28.596919,77.234838,113.44,304.06,25.82,sandy,74.91,5.31,0.6,-5.37,0.264,0.842,0.494,Medium
28.628471,77.03344,116.13,81.1,17.02,clay,20.3,1.19,2.43,-12.47,0.367,0.557,0.413,Medium
28.636495,77.420717,272.22,230.25,22.59,clay,38.32,7.0,4.65,-22.9,0.512,0.394,0.461,Medium
28.421279,77.14347,228.92,127.37,19.68,loamy,43.15,9.8,3.42,-9.88,0.189,0.225,0.396,Medium
28.303414,77.323612,113.08,226.81,3.88,sandy,13.47,8.82,0.59,-17.61,0.147,0.216,0.243,Low
28.354978,77.414374,103.06,327.27,20.86,sandy,15.13,6.79,4.25,-9.09,0.955,0.534,0.245,Low
28.694531,77.475186,185.31,369.95,27.91,sandy,24.01,3.11,4.1,-22.88,0.601,0.683,0.338,Medium
28.380405,77.169418,71.83,66.99,28.97,clay,94.72,9.74,0.93,-15.86,0.058,0.532,0.455,Medium
28.404297,77.101153,244.57,404.46,7.23,sandy,83.45,8.48,2.65,-14.86,0.374,0.719,0.658,Medium
28.486762,77.363882,274.84,281.86,8.06,sandy,45.35,5.87,4.47,-5.06,0.268,0.772,0.582,Medium
28.554291,77.473495,108.15,119.96,11.12,loamy,85.72,3.93,4.66,-10.13,0.503,0.962,0.525,Medium
28.383449,77.140179,23.72,171.63,11.1,loamy,90.83,5.73,4.63,-1.58,0.917,0.306,0.319,Low
28.436676,77.380209,178.78,161.55,28.2,loamy,39.71,8.44,0.91,-3.66,0.24,0.453,0.43,Medium
28.354684,77.183971,215.22,493.65,7.97,sandy,93.31,2.86,4.99,-1.16,0.651,0.584,0.63,Medium
28.658904,77.470479,244.97,150.5,9.5,sandy,71.84,0.56,2.83,-19.5,0.77,0.226,0.636,Medium
28.572268,77.009036,160.25,343.13,3.66,clay,82.2,9.2,0.71,-21.99,0.368,0.549,0.496,Medium
28.673013,77.140426,46.93,181.37,29.08,sandy,89.63,4.33,4.53,-5.06,0.26,0.844,0.439,Medium
28.571485,77.024305,149.17,321.41,4.91,loamy,81.59,0.25,2.65,-5.08,0.875,0.82,0.555,Medium
28.477884,77.226483,173.19,200.15,9.72,sandy,46.8,1.11,4.56,-8.86,0.047,0.763,0.502,Medium
28.626116,77.406836,279.73,31.44,27.83,sandy,64.91,6.58,0.23,-24.37,0.152,0.856,0.631,Medium
28.351209,77.154594,95.94,331.28,28.36,sandy,2.65,3.01,4.84,-7.69,0.123,0.918,0.303,Low
28.511635,77.313773,26.05,496.73,27.25,sandy,19.81,6.22,1.76,-21.15,0.776,0.176,0.074,Low
28.540373,77.093244,217.88,427.97,23.52,sandy,71.91,9.66,1.76,-2.67,0.659,0.213,0.498,Medium
28.36759,77.319968,231.26,221.35,20.98,sandy,52.22,6.08,0.01,-15.91,0.474,0.693,0.549,Medium
28.632639,77.390929,67.65,113.32,12.8,loamy,97.2,4.7,0.46,-23.78,0.976,0.046,0.339,Medium
28.542854,77.393956,36.24,252.83,4.75,clay,38.11,0.99,2.46,-21.1,0.1,0.645,0.379,Medium
28.692194,77.111131,288.82,338.89,18.96,sandy,8.96,8.59,3.33,-3.95,0.435,0.707,0.455,Medium
28.643812,77.389675,143.54,162.16,22.61,sandy,20.98,9.7,1.08,-7.73,0.153,0.952,0.448,Medium
28.503343,77.31737,226.31,146.02,29.91,sandy,99.04,8.58,2.83,-7.07,0.665,0.685,0.711,High
28.371455,77.479177,121.51,188.51,24.63,loamy,99.31,2.11,3.28,-2.49,0.242,0.897,0.584,Medium
28.491515,77.399369,20.0,323.88,15.95,sandy,68.37,4.92,0.52,-19.09,0.486,0.315,0.275,Low
28.679911,77.386085,195.96,161.98,0.41,loamy,21.98,3.85,2.01,-23.57,0.785,0.664,0.442,Medium
28.631269,77.236763,109.61,31.63,21.91,clay,4.5,3.18,2.84,-5.02,0.937,0.66,0.398,Medium
28.471248,77.36019,21.61,283.11,27.55,sandy,42.83,0.17,4.67,-22.72,0.721,0.592,0.219,Low
28.428416,77.273561,107.33,92.43,14.31,sandy,13.71,2.54,2.17,-21.04,0.015,0.623,0.347,Medium
28.338438,77.364482,26.94,153.74,28.22,loamy,75.19,4.3,4.73,-14.91,0.532,0.647,0.327,Low
28.526558,77.26161,64.69,82.49,14.72,loamy,7.99,6.02,3.85,-21.7,0.652,0.675,0.244,Low
28.683658,77.347726,289.15,267.38,14.25,loamy,35.24,8.41,4.68,-1.48,0.685,0.9,0.579,Medium
28.423507,77.057644,27.51,384.98,9.86,sandy,95.38,6.72,3.93,-9.08,0.182,0.125,0.241,Low
28.348421,77.034627,252.65,387.3,14.59,sandy,99.32,5.63,2.28,-1.96,0.48,0.711,0.717,High
28.468346,77.280631,118.69,154.59,19.96,loamy,40.09,5.72,2.97,-1.92,0.885,0.089,0.303,Low
28.454263,77.173779,207.19,16.89,25.74,sandy,40.67,3.53,3.5,-13.24,0.038,0.739,0.53,Medium
28.526019,77.308229,288.87,220.69,3.3,loamy,65.01,1.37,3.48,-19.43,0.206,0.695,0.631,Medium
28.587606,77.089623,104.93,80.76,4.83,loamy,20.64,3.0,4.94,-3.67,0.614,0.916,0.438,Medium
28.523836,77.284958,100.62,196.74,27.68,loamy,43.46,2.99,1.65,-18.46,0.901,0.923,0.428,Medium
28.422957,77.128699,21.9,448.34,18.36,sandy,92.8,5.89,3.76,-18.94,0.706,0.858,0.345,Medium
28.480356,77.113207,264.28,438.54,7.91,loamy,67.6,6.57,2.81,-21.35,0.048,0.328,0.457,Medium
28.542176,77.238514,280.55,494.16,20.07,loamy,77.05,5.22,4.29,-18.26,0.249,0.104,0.498,Medium
28.657686,77.285503,38.73,345.64,3.45,loamy,4.34,3.27,4.5,-12.04,0.193,0.63,0.224,Low
28.448218,77.236309,175.68,429.57,3.77,sandy,4.29,2.78,2.16,-17.39,0.929,0.148,0.256,Low
28.526629,77.41148,42.43,368.65,10.67,sandy,11.48,7.34,2.31,-3.54,0.864,0.529,0.217,Low
28.376126,77.291175,188.4,419.79,28.92,loamy,43.02,8.06,4.61,-9.76,0.944,0.261,0.283,Low
28.419338,77.129687,98.18,193.94,2.54,sandy,54.2,3.71,4.43,-17.58,0.184,0.829,0.418,Medium
28.568299,77.067866,257.39,97.45,13.73,sandy,40.66,6.56,0.09,-19.2,0.451,0.579,0.54,Medium
28.577259,77.400498,118.87,410.78,24.94,sandy,79.15,9.89,3.26,-7.23,0.897,0.569,0.362,Medium
28.601305,77.479632,45.9,402.36,2.69,loamy,48.73,8.89,0.32,-18.41,0.994,0.302,0.248,Low
28.323378,77.11419,238.18,417.36,28.42,sandy,81.51,6.1,1.4,-15.23,0.181,0.752,0.655,Medium
28.601557,77.379388,59.69,66.74,29.82,loamy,23.38,1.36,0.67,-14.97,0.992,0.216,0.258,Low
28.391889,77.10973,76.09,234.22,2.03,loamy,67.03,4.28,2.28,-1.68,0.011,0.856,0.469,Medium
28.491355,77.304981,225.27,157.59,26.96,sandy,27.8,3.7,0.28,-1.46,0.173,0.231,0.43,Medium
28.607833,77.408032,51.19,14.52,8.13,clay,79.24,0.47,2.7,-13.54,0.947,0.8,0.559,Medium
28.618865,77.458636,4.92,227.11,4.89,sandy,79.71,2.93,4.41,-23.54,0.814,0.722,0.366,Medium
28.403577,77.441549,138.77,388.09,3.05,clay,64.22,6.91,1.61,-18.49,0.106,0.787,0.508,Medium
28.644906,77.46283,15.01,179.88,16.25,loamy,92.05,1.54,3.39,-9.28,0.339,0.872,0.433,Medium
28.362221,77.299399,240.8,292.47,20.64,sandy,75.82,2.82,1.27,-12.32,0.739,0.947,0.737,High
28.55088,77.225685,230.83,38.15,5.59,sandy,8.6,0.47,2.65,-0.85,0.042,0.697,0.559,Medium
28.52112,77.403671,222.82,25.0,27.49,clay,7.39,8.55,4.31,-12.88,0.694,0.798,0.502,Medium
28.539306,77.176261,176.33,309.71,7.55,sandy,59.82,7.35,4.49,-22.27,0.102,0.176,0.347,Medium
28.678139,77.374219,74.93,278.78,5.45,sandy,85.72,1.5,0.56,-20.6,0.679,0.685,0.455,Medium
28.651628,77.19125,287.43,454.39,22.2,sandy,53.96,1.96,4.88,-17.64,0.443,0.905,0.535,Medium
28.500881,77.259282,152.57,290.06,9.92,sandy,2.08,1.66,4.3,-9.65,0.378,0.507,0.307,Low
28.544831,77.437478,56.84,340.94,14.91,loamy,90.38,3.97,3.17,-19.77,0.948,0.598,0.366,Medium
28.393269,77.092493,276.38,237.08,23.84,sandy,35.87,1.54,2.09,-2.85,0.349,0.084,0.456,Medium
28.353528,77.32706,171.81,463.72,4.53,sandy,7.13,9.24,4.78,-5.78,0.218,0.152,0.203,Low
28.60298,77.350566,120.67,217.95,13.9,clay,15.42,4.09,4.13,-6.93,0.664,0.954,0.432,Medium
28.450793,77.167612,77.76,257.19,19.39,loamy,9.71,2.05,0.53,-8.63,0.76,0.04,0.18,Low
28.513773,77.425496,211.31,78.52,24.57,sandy,85.05,0.94,4.14,-5.45,0.372,0.296,0.633,Medium
28.653374,77.355614,161.5,434.87,16.3,loamy,99.14,2.98,0.04,-5.91,0.11,0.327,0.486,Medium
28.323395,77.154652,91.68,66.78,25.1,sandy,79.46,1.78,4.64,-2.11,0.498,0.638,0.463,Medium
28.632763,77.26039,232.78,479.88,19.13,sandy,87.02,7.49,3.88,-22.03,0.435,0.129,0.476,Medium
28.372117,77.305258,214.46,218.06,4.34,sandy,18.3,3.06,0.32,-17.89,0.612,0.532,0.464,Medium
28.345107,77.366369,281.3,458.52,17.05,clay,86.58,0.9,4.31,-13.84,0.825,0.406,0.695,High
28.690706,77.138843,207.2,48.27,4.83,loamy,11.09,5.5,0.29,-3.12,0.422,0.021,0.387,Medium
28.367237,77.001065,1.61,468.12,22.44,loamy,19.34,3.96,4.36,-24.9,0.632,0.327,0.049,Low
28.397709,77.26473,70.48,354.89,28.06,loamy,16.18,4.18,4.05,-20.73,0.778,0.767,0.218,Low
28.480441,77.266991,129.66,411.32,22.69,clay,85.78,1.77,2.78,-2.76,0.882,0.502,0.505,Medium
28.56927,77.441382,61.15,407.28,12.23,clay,50.57,6.35,4.42,-0.91,0.913,0.75,0.393,Medium
28.370813,77.227438,74.35,276.07,28.95,sandy,97.31,1.9,3.32,-5.22,0.201,0.226,0.362,Medium
28.33966,77.270282,152.43,485.41,10.48,sandy,73.72,7.28,0.32,-13.08,0.708,0.764,0.49,Medium
28.307914,77.476334,144.68,192.82,19.52,loamy,62.91,3.7,2.91,-24.84,0.899,0.538,0.394,Medium
28.561676,77.133201,231.1,310.58,14.01,loamy,40.98,4.61,2.52,-22.23,0.97,0.419,0.433,Medium
28.557301,77.270509,89.67,330.37,5.35,loamy,99.07,8.22,0.75,-15.23,0.369,0.953,0.52,Medium
28.453789,77.085407,260.96,287.37,2.83,sandy,20.41,6.17,2.97,-2.72,0.163,0.326,0.443,Medium
28.568465,77.314137,2.71,222.17,8.94,sandy,86.17,0.22,1.34,-13.12,0.765,0.412,0.361,Medium
28.698806,77.031465,131.36,309.37,14.53,loamy,55.32,5.95,1.53,-8.01,0.255,0.352,0.37,Medium
28.528391,77.202814,22.58,254.53,24.08,clay,84.7,1.13,2.31,-17.78,0.458,0.944,0.469,Medium
28.459467,77.290762,242.53,53.41,11.42,clay,53.37,2.65,1.58,-5.19,0.167,0.64,0.67,High
28.650335,77.163334,51.27,417.85,29.6,sandy,13.95,4.59,1.98,-17.75,0.602,0.061,0.094,Low
28.371657,77.267321,75.8,260.04,23.11,sandy,87.73,5.73,0.95,-8.36,0.041,0.482,0.409,Medium
28.516343,77.118481,178.5,236.86,25.0,clay,10.6,3.48,4.92,-19.09,0.149,0.96,0.459,Medium
28.666079,77.023622,63.86,339.83,21.61,clay,40.33,5.92,4.35,-10.09,0.645,0.017,0.219,Low
28.442975,77.146392,167.39,383.63,5.75,loamy,54.14,8.45,4.95,-14.2,0.569,0.503,0.369,Medium
28.588405,77.009753,35.49,236.05,12.43,loamy,3.49,1.13,3.75,-14.31,0.889,0.123,0.117,Low
28.667574,77.151508,290.68,65.76,17.86,sandy,48.39,6.65,4.77,-11.03,0.929,0.819,0.6,Medium
28.420353,77.01931,42.53,389.06,3.5,clay,61.13,4.36,2.39,-17.11,0.425,0.178,0.304,Low
28.37232,77.304494,99.54,107.73,19.06,loamy,43.96,0.29,2.49,-12.99,0.389,0.541,0.397,Medium
28.430272,77.298644,180.23,163.13,2.89,clay,23.18,2.25,0.03,-4.24,0.969,0.287,0.486,Medium
28.387265,77.083112,248.67,449.74,1.69,clay,39.44,6.58,4.73,-1.74,0.068,0.717,0.543,Medium
28.669254,77.320046,189.99,231.66,4.71,clay,53.61,5.46,1.23,-16.34,0.321,0.675,0.558,Medium
28.368388,77.292228,91.58,340.63,10.39,clay,31.26,4.06,4.89,-16.81,0.368,0.084,0.215,Low
28.434395,77.026113,255.5,23.58,9.26,sandy,44.82,3.07,2.36,-5.88,0.639,0.357,0.531,Medium
28.475344,77.264462,223.0,366.12,3.36,clay,46.12,3.56,1.5,-4.86,0.571,0.199,0.475,Medium
28.660521,77.101587,100.01,244.17,16.03,sandy,12.48,2.18,0.42,-5.31,0.688,0.24,0.277,Low
28.667378,77.490202,128.14,18.72,14.23,loamy,17.51,9.14,0.34,-5.14,0.48,0.475,0.352,Medium
28.630884,77.217397,94.79,31.3,5.45,loamy,30.57,3.27,3.3,-1.84,0.729,0.483,0.396,Medium
28.504743,77.050764,169.36,53.69,12.75,loamy,29.25,8.69,2.48,-6.62,0.443,0.379,0.377,Medium
28.623629,77.294425,19.59,155.2,6.3,sandy,58.77,5.76,4.44,-9.27,0.43,0.972,0.392,Medium
28.543837,77.287558,237.09,344.75,3.36,loamy,55.41,4.8,2.89,-11.72,0.234,0.931,0.592,Medium
28.36549,77.352136,162.09,204.8,15.66,clay,17.02,2.95,1.38,-1.55,0.776,0.298,0.417,Medium
28.660378,77.334996,217.26,291.42,13.14,loamy,87.68,8.24,4.45,-16.79,0.71,0.349,0.564,Medium
28.678179,77.370949,252.78,25.67,4.3,loamy,58.38,7.31,3.05,-2.57,0.846,0.839,0.666,High
28.419696,77.270224,191.79,453.65,13.56,sandy,1.44,3.28,2.9,-17.52,0.965,0.925,0.398,Medium
28.615963,77.397403,61.83,248.17,26.22,loamy,39.12,5.23,0.42,-6.85,0.638,0.21,0.245,Low
28.600794,77.424461,34.22,40.96,7.37,clay,49.17,5.39,1.38,-2.09,0.576,0.888,0.476,Medium
28.617971,77.328346,259.94,421.86,17.19,clay,83.34,4.45,2.89,-15.74,0.148,0.861,0.77,High
28.53408,77.110506,236.8,44.72,24.87,sandy,50.46,7.51,3.77,-13.38,0.749,0.769,0.546,Medium
28.378064,77.336667,5.99,372.21,3.66,sandy,58.45,0.1,4.79,-11.68,0.853,0.985,0.36,Medium
28.558527,77.157575,36.38,361.75,1.27,sandy,53.11,8.26,3.99,-3.61,0.717,0.043,0.181,Low
28.651728,77.149668,214.39,103.29,2.09,sandy,69.72,7.87,2.48,-15.52,0.402,0.915,0.601,Medium
28.576083,77.254829,179.88,284.17,6.27,sandy,61.87,7.04,3.13,-11.39,0.975,0.977,0.556,Medium
28.472081,77.183359,286.69,225.18,7.39,loamy,86.08,8.2,1.2,-12.82,0.186,0.347,0.707,High
28.340505,77.145089,117.87,339.42,1.28,sandy,50.81,2.4,2.43,-13.58,0.855,0.545,0.392,Medium
28.606284,77.189105,1.41,457.06,8.85,loamy,37.77,2.55,0.34,-7.38,0.412,0.035,0.131,Low
28.69967,77.230914,284.64,317.3,6.14,loamy,81.81,9.19,2.05,-18.36,0.975,0.963,0.745,High
28.567712,77.273431,40.61,490.06,0.25,sandy,41.97,4.22,4.67,-12.27,0.102,0.634,0.268,Low
28.481315,77.264434,173.7,295.99,23.83,clay,57.53,5.75,0.22,-12.62,0.26,0.756,0.552,Medium
28.644107,77.313348,207.62,1.8,5.21,loamy,76.35,2.78,3.07,-13.64,0.27,0.32,0.662,High
28.344754,77.353456,249.35,383.46,16.13,clay,13.58,4.91,2.27,-2.79,0.021,0.968,0.576,Medium
28.683942,77.49256,236.65,378.78,25.17,clay,77.57,7.66,0.18,-17.37,0.208,0.504,0.651,Medium
28.326002,77.246709,164.51,221.59,22.42,clay,22.24,2.34,2.02,-5.98,0.45,0.829,0.483,Medium
28.586984,77.302521,186.81,56.36,28.55,sandy,82.59,8.73,4.85,-20.34,0.128,0.133,0.377,Medium
28.366743,77.01976,78.59,327.6,5.11,clay,89.44,6.11,3.62,-16.1,0.462,0.007,0.346,Medium
28.326514,77.028299,207.04,344.73,25.17,sandy,56.5,1.6,1.86,-5.48,0.84,0.643,0.483,Medium
28.493088,77.308063,29.64,317.15,4.33,clay,54.4,4.66,2.94,-6.62,0.475,0.744,0.42,Medium
28.64622,77.287168,61.41,88.73,2.34,loamy,29.85,1.44,1.45,-18.37,0.89,0.646,0.359,Medium
28.467686,77.053941,248.53,25.81,5.77,sandy,43.16,6.88,1.08,-13.13,0.149,0.399,0.536,Medium
28.367934,77.467125,45.43,17.57,17.84,clay,23.64,8.93,2.07,-21.61,0.571,0.197,0.259,Low
28.533357,77.004988,139.45,302.46,0.9,sandy,24.34,3.34,3.99,-0.86,0.026,0.461,0.365,Medium
28.33579,77.376318,10.38,225.74,4.81,sandy,54.05,3.81,0.21,-12.27,0.885,0.655,0.35,Medium
28.374255,77.012476,247.09,158.11,27.66,clay,74.35,7.92,4.99,-22.23,0.167,0.808,0.714,High
28.489584,77.003144,77.05,122.44,1.61,clay,82.51,7.6,1.47,-5.34,0.902,0.184,0.424,Medium
28.559178,77.007698,102.7,107.34,17.63,clay,14.19,7.33,4.68,-6.74,0.583,0.305,0.307,Low
28.619135,77.23723,54.09,308.51,6.25,sandy,64.16,3.53,0.47,-1.93,0.47,0.079,0.299,Low
28.627336,77.3601,7.23,485.34,4.02,clay,82.72,3.59,2.7,-22.2,0.037,0.106,0.254,Low
28.344176,77.477541,161.11,461.09,2.73,clay,54.05,4.05,3.79,-17.86,0.607,0.536,0.432,Medium
28.491588,77.21398,263.64,490.33,20.23,sandy,46.36,9.99,4.54,-12.5,0.269,0.456,0.376,Medium
28.599681,77.219161,197.2,488.21,29.3,sandy,3.25,2.92,4.23,-21.73,0.437,0.044,0.162,Low
28.594791,77.382046,279.99,384.27,28.27,sandy,60.79,7.3,0.64,-20.07,0.326,0.23,0.442,Medium
28.503945,77.13521,283.36,19.54,4.73,sandy,96.55,4.1,1.37,-20.31,0.714,0.01,0.674,High
28.3666,77.37174,147.5,469.4,4.45,sandy,90.27,0.01,1.04,-19.55,0.061,0.018,0.382,Medium
28.399467,77.145845,214.3,201.65,7.18,sandy,0.48,5.16,2.86,-5.55,0.999,0.121,0.306,Low
28.619328,77.011571,286.48,425.2,11.53,clay,62.78,8.2,0.69,-12.64,0.934,0.742,0.636,Medium
28.512773,77.386667,218.03,370.01,18.53,sandy,54.18,7.33,1.5,-0.28,0.951,0.943,0.573,Medium
28.519045,77.240014,77.4,122.47,1.52,clay,81.59,9.72,2.58,-7.89,0.249,0.119,0.381,Medium
28.634013,77.476546,24.74,48.06,26.47,sandy,66.22,5.55,1.85,-18.52,0.501,0.759,0.39,Medium
28.423618,77.486389,56.73,129.89,25.44,sandy,36.3,3.24,1.2,-14.68,0.03,0.322,0.286,Low
28.542884,77.125191,174.6,352.03,25.9,loamy,14.83,0.54,0.29,-21.55,0.881,0.721,0.399,Medium
28.582536,77.269537,27.48,253.5,27.62,loamy,51.33,5.96,3.84,-0.8,0.149,0.891,0.327,Low
28.512351,77.250399,21.01,131.04,9.74,sandy,22.74,9.13,3.19,-20.18,0.312,0.951,0.285,Low
28.698298,77.008698,88.4,79.74,2.84,clay,95.04,5.52,1.66,-11.28,0.687,0.938,0.634,Medium
28.614521,77.487276,103.79,8.95,19.97,clay,11.44,0.32,2.32,-20.68,0.055,0.426,0.342,Medium
28.334101,77.280779,156.71,229.14,0.89,clay,74.56,1.76,4.92,-21.82,0.735,0.925,0.589,Medium
28.440339,77.062547,196.46,132.25,15.97,sandy,49.78,4.29,3.76,-19.39,0.815,0.891,0.54,Medium
28.601568,77.156028,217.62,485.32,9.16,sandy,14.43,4.4,4.94,-3.7,0.3,0.825,0.401,Medium
28.548816,77.166448,2.05,249.61,22.31,loamy,20.5,7.32,2.46,-21.28,0.235,0.558,0.161,Low
28.496468,77.204916,50.72,470.1,22.71,clay,12.62,4.59,4.76,-15.14,0.987,0.509,0.209,Low
28.581437,77.193713,105.32,349.39,12.01,sandy,13.0,9.84,4.78,-9.46,0.442,0.998,0.339,Medium
28.476799,77.42813,80.87,311.77,14.2,clay,66.24,5.78,3.2,-15.96,0.036,0.975,0.464,Medium
28.504104,77.250299,145.01,150.67,4.37,sandy,86.41,8.12,1.54,-17.32,0.419,0.739,0.533,Medium
28.360944,77.055231,26.06,395.31,12.98,sandy,73.83,3.56,1.78,-10.63,0.172,0.97,0.417,Medium
28.410565,77.141527,245.51,383.21,3.03,clay,49.31,1.96,2.75,-11.72,0.464,0.003,0.459,Medium
28.393401,77.112674,203.15,394.48,15.01,clay,80.63,7.24,2.64,-18.07,0.801,0.537,0.639,Medium
28.462061,77.433086,5.49,423.37,24.5,clay,18.17,1.61,4.39,-17.22,0.657,0.279,0.148,Low
28.374595,77.431595,35.54,200.72,9.33,clay,52.79,0.04,4.73,-12.58,0.1,0.73,0.424,Medium
28.45402,77.493727,60.79,31.24,20.97,sandy,44.67,8.28,3.11,-2.19,0.049,0.089,0.241,Low
28.675343,77.104928,275.7,237.42,3.5,sandy,68.99,7.48,2.95,-13.33,0.652,0.415,0.561,Medium
28.341985,77.31517,116.39,463.66,22.82,clay,68.37,6.17,3.76,-23.73,0.507,0.099,0.282,Low
28.63816,77.318066,246.44,164.33,10.94,sandy,12.05,2.06,2.19,-19.41,0.53,0.706,0.471,Medium
28.66905,77.279056,202.8,418.56,15.68,sandy,13.76,4.68,3.8,-7.12,0.468,0.945,0.418,Medium
28.310996,77.34513,33.32,307.78,29.28,sandy,89.38,6.77,4.4,-10.3,0.988,0.251,0.253,Low
28.348246,77.098983,101.65,113.34,13.42,loamy,86.33,9.0,0.03,-5.04,0.547,0.674,0.517,Medium
28.446535,77.175949,260.14,250.25,0.44,loamy,66.91,2.93,3.99,-21.63,0.876,0.964,0.625,Medium
28.629696,77.195352,11.42,496.66,18.07,clay,55.15,8.47,1.3,-8.34,0.02,0.801,0.338,Medium
28.442603,77.218465,207.03,122.95,25.49,clay,36.47,7.49,4.39,-21.45,0.322,0.736,0.499,Medium
28.65786,77.411726,116.52,2.21,27.83,sandy,36.4,9.79,4.77,-8.78,0.767,0.893,0.393,Medium
28.639414,77.351408,208.45,310.0,25.97,loamy,28.86,8.55,2.52,-19.49,0.01,0.913,0.446,Medium
28.540275,77.404745,244.21,158.2,6.86,sandy,36.83,0.71,2.38,-15.88,0.808,0.55,0.521,Medium
28.416321,77.356458,73.52,333.87,28.07,clay,23.27,5.5,0.47,-16.85,0.82,0.88,0.358,Medium
28.499468,77.129788,298.09,245.29,24.61,loamy,42.45,9.59,1.6,-18.83,0.337,0.744,0.557,Medium
28.344467,77.273004,22.91,224.52,14.78,clay,13.4,5.92,3.83,-12.56,0.098,0.362,0.196,Low
28.641633,77.319746,228.73,406.05,13.86,sandy,38.34,1.54,3.93,-14.12,0.738,0.991,0.535,Medium
28.469141,77.231288,42.4,179.05,13.25,sandy,20.36,8.27,2.32,-15.96,0.806,0.755,0.279,Low
28.697963,77.376319,144.35,361.33,6.5,loamy,30.69,2.28,0.08,-20.36,0.442,0.821,0.448,Medium
28.501302,77.162159,137.71,90.53,1.49,loamy,33.23,7.71,1.97,-11.8,0.981,0.894,0.468,Medium
28.506478,77.150129,13.71,208.31,7.52,sandy,65.27,3.77,1.03,-13.04,0.068,0.835,0.39,Medium
28.435303,77.363315,290.07,200.44,12.53,sandy,60.37,2.18,2.65,-6.95,0.836,0.607,0.616,Medium
28.568729,77.015105,78.97,459.26,15.7,sandy,67.94,1.76,3.47,-5.5,0.777,0.26,0.288,Low
28.31016,77.262413,250.27,386.0,14.23,loamy,74.22,9.57,1.64,-3.66,0.429,0.257,0.558,Medium
28.376741,77.328119,96.5,225.12,22.1,loamy,88.18,5.0,1.7,-18.63,0.436,0.077,0.335,Medium
28.311048,77.415587,158.09,73.58,5.43,sandy,40.24,8.37,2.28,-19.84,0.06,0.176,0.363,Medium
28.35889,77.051644,228.47,417.96,24.9,loamy,49.01,6.07,4.84,-22.33,0.164,0.779,0.42,Medium
28.653216,77.185974,86.69,418.57,12.12,loamy,3.24,1.76,0.52,-14.38,0.579,0.207,0.202,Low
28.371668,77.014794,54.05,206.6,28.83,loamy,54.96,0.96,4.9,-18.35,0.679,0.269,0.251,Low
28.32422,77.273184,260.51,225.29,26.51,clay,92.16,8.06,0.4,-1.9,0.446,0.779,0.829,High
28.5741,77.470681,87.36,99.14,5.54,clay,18.35,9.17,1.88,-19.4,0.113,0.808,0.39,Medium
28.411455,77.221801,293.67,457.94,0.16,sandy,56.28,7.41,3.78,-16.87,0.061,0.881,0.587,Medium
28.545099,77.49332,97.51,349.44,6.57,loamy,12.72,7.01,4.96,-12.67,0.541,0.087,0.165,Low
28.347149,77.193808,104.42,23.88,29.25,loamy,42.92,1.25,2.15,-14.51,0.395,0.331,0.333,Medium
28.645205,77.276482,91.12,488.62,17.64,sandy,74.89,5.86,0.12,-6.93,0.506,0.546,0.371,Medium
28.301116,77.374092,298.12,376.77,25.39,sandy,4.46,0.1,3.57,-22.42,0.96,0.844,0.481,Medium
28.366362,77.385824,271.24,388.31,28.33,clay,23.82,0.33,1.3,-10.69,0.035,0.225,0.469,Medium
28.439398,77.096214,61.89,3.28,5.03,sandy,4.07,8.1,4.53,-4.87,0.344,0.973,0.345,Medium
28.653894,77.113121,101.29,164.28,21.54,clay,22.6,4.05,2.52,-11.14,0.56,0.695,0.387,Medium
28.377456,77.387882,57.82,81.1,25.49,sandy,16.32,4.27,0.04,-11.56,0.347,0.747,0.338,Medium
28.558044,77.061224,249.5,394.33,22.58,sandy,87.97,0.58,3.9,-6.22,0.393,0.908,0.741,High
28.545915,77.475689,35.37,121.36,14.89,sandy,48.11,3.09,1.86,-21.0,0.906,0.384,0.287,Low
28.646786,77.320459,169.91,450.84,10.26,clay,9.78,1.32,1.98,-23.1,0.229,0.482,0.345,Medium
28.460313,77.472077,256.49,137.03,9.56,loamy,50.87,9.18,1.26,-22.43,0.906,0.701,0.567,Medium
28.470289,77.224284,229.94,13.22,17.13,sandy,74.18,5.33,1.34,-3.14,0.27,0.191,0.647,Medium
28.325118,77.345542,258.02,177.31,9.53,sandy,71.98,1.4,2.91,-22.37,0.238,0.841,0.739,High
28.476647,77.458663,138.3,69.83,13.98,clay,37.44,7.41,4.3,-21.17,0.093,0.545,0.421,Medium
28.401749,77.398948,96.4,465.89,23.74,loamy,73.6,9.69,1.51,-11.43,0.493,0.431,0.316,Low
28.631806,77.099137,62.69,117.24,5.1,loamy,55.82,3.54,1.79,-9.56,0.057,0.34,0.364,Medium
28.566205,77.480018,82.48,441.71,10.01,loamy,78.44,7.35,2.65,-4.26,0.541,0.973,0.45,Medium
28.474897,77.396867,40.49,394.27,0.54,loamy,39.79,1.25,2.92,-20.79,0.305,0.217,0.218,Low
28.649958,77.368557,24.05,292.8,5.06,sandy,18.36,3.5,3.77,-11.67,0.353,0.796,0.292,Low
28.462294,77.378466,296.66,223.61,16.57,sandy,76.05,8.81,3.23,-22.73,0.946,0.793,0.703,High
28.409411,77.143737,172.02,297.01,23.64,loamy,65.51,3.94,4.16,-13.92,0.134,0.399,0.385,Medium
28.632418,77.171346,251.74,481.44,10.84,sandy,6.68,8.36,3.24,-24.53,0.232,0.075,0.252,Low
28.333761,77.109803,111.22,100.4,18.58,sandy,29.79,4.64,0.43,-10.2,0.382,0.006,0.255,Low
28.686036,77.465882,43.07,242.93,1.12,sandy,40.02,9.23,3.74,-4.23,0.055,0.976,0.391,Medium
28.456369,77.109194,157.72,469.7,0.31,loamy,22.83,1.73,1.36,-22.75,0.826,0.659,0.387,Medium
28.569319,77.102793,260.2,99.11,12.31,sandy,93.69,6.17,1.42,-22.67,0.435,0.137,0.632,Medium
28.339657,77.174483,269.98,143.85,27.46,sandy,17.87,4.7,4.47,-11.92,0.477,0.42,0.44,Medium
28.312658,77.429327,62.53,125.5,8.77,loamy,4.5,2.77,2.14,-23.26,0.328,0.34,0.219,Low
28.476552,77.499003,250.77,247.21,18.46,sandy,29.98,1.83,4.41,-17.82,0.219,0.308,0.414,Medium
28.331108,77.248105,65.71,172.68,23.43,clay,50.1,3.89,1.28,-10.74,0.997,0.166,0.337,Medium
28.609084,77.184862,67.62,421.03,4.1,loamy,4.15,6.88,0.86,-12.11,0.734,0.266,0.177,Low
28.691701,77.001606,101.67,250.43,10.12,clay,48.17,9.44,0.87,-15.23,0.279,0.321,0.362,Medium
28.306401,77.399042,174.47,110.19,16.01,sandy,42.73,3.05,4.23,-9.12,0.737,0.294,0.392,Medium
28.682474,77.261275,82.74,228.52,11.89,sandy,54.22,4.51,3.26,-3.6,0.878,0.256,0.311,Low
28.486942,77.339718,116.31,116.92,16.6,clay,96.47,0.67,3.3,-2.94,0.087,0.373,0.541,Medium
28.543572,77.016779,17.94,226.41,27.74,sandy,84.31,0.11,2.59,-16.64,0.698,0.65,0.379,Medium
28.454023,77.145028,70.86,205.95,26.47,sandy,89.94,2.28,1.24,-18.32,0.425,0.509,0.395,Medium
28.458543,77.322306,199.76,11.13,12.14,clay,88.77,1.2,4.67,-20.42,0.183,0.41,0.608,Medium
28.66449,77.321187,232.83,307.15,23.13,loamy,64.7,4.31,1.09,-6.0,0.676,0.808,0.561,Medium
28.488291,77.102623,124.41,152.34,24.4,loamy,69.36,8.68,2.52,-12.96,0.4,0.742,0.438,Medium
28.697703,77.161326,6.57,335.37,9.08,sandy,82.84,6.94,0.29,-8.8,0.561,0.765,0.398,Medium
28.518026,77.200736,216.99,14.87,11.72,sandy,6.12,0.7,3.82,-10.55,0.962,0.896,0.504,Medium
28.376663,77.404792,174.41,383.37,15.27,loamy,67.29,5.67,2.68,-21.01,0.12,0.154,0.349,Medium
28.68631,77.384732,231.78,116.69,2.71,clay,92.21,5.34,4.11,-17.3,0.262,0.405,0.709,High
28.312083,77.358982,177.41,343.48,19.95,clay,8.71,7.71,4.79,-17.44,0.99,0.602,0.323,Low
28.412911,77.387544,183.15,209.27,0.8,sandy,17.96,6.17,4.1,-14.02,0.002,0.258,0.332,Medium
28.364962,77.49967,69.6,456.23,22.27,sandy,78.63,8.12,3.49,-5.43,0.694,0.822,0.36,Medium
28.589872,77.055823,141.44,430.02,0.17,loamy,95.38,2.71,1.11,-22.15,0.883,0.528,0.497,Medium
28.603449,77.460569,30.89,325.25,7.58,clay,92.1,6.58,4.51,-8.65,0.093,0.001,0.31,Low
28.609884,77.057219,16.32,299.54,4.68,loamy,4.25,8.8,1.02,-12.17,0.539,0.518,0.198,Low
28.684376,77.032795,47.8,75.11,4.97,clay,55.03,6.51,3.85,-4.18,0.842,0.326,0.388,Medium
28.564205,77.00962,44.19,253.82,17.38,sandy,56.49,6.42,2.33,-18.11,0.075,0.54,0.291,Low
28.536935,77.056167,179.95,447.17,25.76,sandy,47.22,3.92,0.08,-24.17,0.133,0.017,0.282,Low
28.482516,77.317801,241.34,497.13,12.64,loamy,88.24,2.81,1.09,-4.92,0.381,0.651,0.698,High
28.433603,77.26096,246.4,242.28,0.18,sandy,73.58,2.95,3.31,-8.56,0.298,0.658,0.706,High
28.463129,77.009284,27.01,463.02,28.7,loamy,24.86,1.83,4.55,-10.75,0.405,0.816,0.232,Low
28.39997,77.188361,228.31,0.38,27.55,sandy,37.54,1.33,3.82,-7.76,0.042,0.355,0.476,Medium
28.469966,77.250616,23.75,266.39,13.19,sandy,94.16,6.8,4.85,-3.16,0.827,0.272,0.317,Low
28.504008,77.073435,105.68,358.42,13.55,loamy,51.78,2.76,3.56,-14.72,0.999,0.961,0.418,Medium
28.315376,77.201616,139.08,387.73,29.1,loamy,58.53,1.29,2.91,-10.83,0.485,0.911,0.471,Medium
28.662032,77.067444,15.15,128.29,18.14,sandy,16.58,4.11,3.1,-24.72,0.417,0.073,0.104,Low
28.672566,77.291703,53.08,446.27,11.31,clay,90.87,9.48,3.29,-21.14,0.915,0.603,0.393,Medium
28.519265,77.107668,225.45,367.4,25.95,sandy,51.48,7.1,2.25,-20.32,0.916,0.434,0.392,Medium
28.398824,77.262596,14.66,473.76,24.22,clay,81.31,0.96,1.0,-11.8,0.19,0.764,0.39,Medium
28.696417,77.201225,8.8,448.4,8.69,sandy,97.89,6.98,4.65,-21.33,0.617,0.747,0.308,Low
28.616964,77.370596,198.4,426.45,26.12,clay,56.4,2.18,0.59,-19.9,0.812,0.496,0.461,Medium
28.554227,77.271782,39.72,295.72,16.2,loamy,83.28,3.84,0.8,-5.35,0.94,0.135,0.326,Low
28.431803,77.48481,194.69,27.81,5.48,sandy,23.21,5.7,2.42,-14.33,0.609,0.8,0.51,Medium
28.404408,77.452872,120.2,457.69,17.05,clay,77.68,9.21,4.89,-24.15,0.988,0.37,0.338,Medium
28.651739,77.042588,197.66,123.0,28.06,loamy,40.85,1.01,2.63,-10.7,0.978,0.153,0.396,Medium
28.666141,77.320978,231.37,424.79,0.2,sandy,93.94,4.91,0.6,-20.92,0.226,0.073,0.564,Medium
28.56419,77.157874,121.41,6.37,14.89,loamy,64.24,0.73,4.95,-16.26,0.226,0.086,0.358,Medium
28.565296,77.482999,43.98,166.76,18.66,clay,59.76,0.71,0.99,-12.89,0.21,0.04,0.31,Low
28.373539,77.146962,298.89,137.53,13.46,loamy,0.01,2.71,2.16,-13.9,0.959,0.416,0.454,Medium
28.390197,77.493223,276.9,442.43,20.75,loamy,32.14,7.77,3.04,-5.34,0.63,0.977,0.541,Medium
28.641333,77.487494,26.95,347.54,28.83,sandy,53.82,3.47,1.34,-15.41,0.972,0.037,0.175,Low
28.523338,77.177009,0.44,173.16,22.26,clay,80.78,3.21,4.18,-18.49,0.718,0.619,0.376,Medium
28.399551,77.333203,276.55,23.45,14.76,loamy,5.06,0.11,1.23,-4.28,0.013,0.311,0.514,Medium
28.346892,77.138146,5.51,380.57,18.13,clay,54.59,1.78,4.02,-24.4,0.209,0.383,0.248,Low
28.606872,77.369208,11.97,256.87,27.46,loamy,39.93,9.49,3.14,-7.67,0.021,0.445,0.191,Low
28.360621,77.160848,182.42,168.97,29.12,sandy,69.2,7.09,1.03,-19.91,0.237,0.721,0.482,Medium
28.322198,77.094937,295.64,149.99,25.5,loamy,50.72,0.53,3.84,-14.2,0.043,0.72,0.603,Medium
28.493187,77.484411,178.97,20.51,20.38,sandy,69.93,0.93,4.2,-4.44,0.629,0.979,0.636,Medium
28.331544,77.099846,256.85,72.63,11.69,sandy,33.53,2.76,1.69,-23.82,0.163,0.399,0.479,Medium
28.347722,77.297,120.98,147.63,13.64,loamy,98.78,1.47,1.57,-9.98,0.47,0.007,0.424,Medium
28.409055,77.355584,88.88,363.2,28.76,sandy,53.18,8.92,3.86,-2.04,0.895,0.08,0.213,Low
28.41571,77.372949,246.86,286.15,21.88,loamy,42.12,7.93,4.02,-0.05,0.132,0.407,0.429,Medium
28.581249,77.288109,276.85,181.65,29.29,sandy,38.44,7.4,1.51,-21.76,0.486,0.556,0.482,Medium
28.386433,77.194131,120.39,165.32,24.38,sandy,4.15,3.96,2.17,-24.79,0.044,0.731,0.326,Low
28.335092,77.316644,79.79,4.01,16.35,sandy,85.96,5.87,2.96,-0.29,0.059,0.741,0.518,Medium
28.357265,77.067628,182.49,169.48,20.66,clay,46.01,3.71,2.34,-10.06,0.231,0.112,0.422,Medium
28.374669,77.196212,14.86,358.3,12.91,sandy,96.7,3.49,4.07,-12.68,0.295,0.322,0.308,Low
28.692593,77.295268,41.12,159.51,22.41,clay,28.15,2.85,1.65,-12.16,0.124,0.016,0.229,Low
28.587347,77.297621,104.36,175.2,6.34,clay,84.53,7.62,1.99,-14.85,0.867,0.597,0.517,Medium
28.359763,77.246662,148.51,157.45,12.22,sandy,96.95,4.08,4.05,-3.99,0.31,0.423,0.504,Medium
28.418533,77.431846,46.28,210.8,27.65,sandy,19.67,8.0,0.31,-12.4,0.027,0.374,0.192,Low
28.301747,77.22061,203.82,317.4,2.7,loamy,9.39,4.23,1.73,-14.0,0.062,0.129,0.304,Low
28.330021,77.122647,97.92,221.17,7.96,clay,96.86,7.32,1.83,-22.57,0.812,0.694,0.542,Medium
28.487015,77.027207,216.8,61.55,28.01,sandy,64.3,5.25,2.88,-15.05,0.964,0.937,0.603,Medium
28.461846,77.107404,99.03,442.59,16.61,sandy,32.23,6.07,1.32,-8.24,0.46,0.547,0.277,Low
28.574666,77.024588,55.72,121.44,22.38,loamy,47.4,7.31,2.71,-18.89,0.006,0.642,0.318,Low
28.365577,77.301735,129.75,120.95,5.69,clay,69.02,6.04,2.4,-5.35,0.133,0.566,0.547,Medium
28.415638,77.019959,260.57,460.78,9.66,clay,81.55,9.35,4.48,-13.5,0.617,0.594,0.653,Medium
28.366135,77.236699,71.03,466.53,4.78,clay,86.75,6.52,0.23,-19.04,0.182,0.575,0.425,Medium
28.69663,77.032629,185.05,113.98,23.95,loamy,29.33,2.12,1.48,-8.5,0.605,0.525,0.459,Medium
28.303637,77.336334,99.42,160.54,2.52,clay,69.0,1.27,1.95,-2.13,0.443,0.436,0.516,Medium
28.548934,77.10087,287.82,62.16,0.11,clay,78.86,9.85,1.07,-21.13,0.773,0.432,0.772,High
28.611633,77.456805,147.83,233.72,6.55,clay,41.42,7.26,3.5,-24.16,0.398,0.929,0.498,Medium
28.311311,77.401328,1.03,279.26,1.57,sandy,3.46,6.14,0.85,-12.41,0.304,0.63,0.195,Low
28.629637,77.320157,237.33,148.76,1.61,clay,27.02,6.75,4.34,-13.17,0.759,0.506,0.504,Medium
28.468099,77.185625,277.8,420.93,12.89,sandy,84.28,2.45,2.02,-4.88,0.662,0.357,0.684,High
28.623829,77.20177,286.56,131.19,12.35,sandy,57.37,2.67,2.98,-8.86,0.209,0.523,0.587,Medium
28.53483,77.385037,203.82,374.28,25.16,clay,84.21,5.98,0.39,-10.03,0.706,0.427,0.641,Medium
28.548088,77.157497,94.07,433.39,17.92,clay,20.75,8.24,3.88,-14.09,0.216,0.132,0.176,Low
28.536191,77.446594,30.43,50.42,21.56,loamy,93.46,5.34,3.25,-8.49,0.91,0.33,0.353,Medium
28.673114,77.113989,4.89,349.9,5.47,loamy,74.13,9.88,4.38,-21.56,0.193,0.592,0.257,Low
28.666168,77.469523,90.05,413.36,27.87,sandy,39.77,4.61,2.52,-12.71,0.847,0.774,0.323,Low
28.663597,77.064384,135.08,321.48,19.47,sandy,65.73,9.73,1.45,-15.3,0.049,0.698,0.435,Medium
28.379971,77.361668,172.66,185.04,9.18,clay,57.5,5.36,4.35,-18.22,0.025,0.679,0.515,Medium
28.574679,77.311766,170.21,398.39,5.78,loamy,24.14,0.04,3.1,-2.04,0.154,0.395,0.358,Medium
28.635764,77.029677,264.02,208.59,11.53,sandy,9.9,3.23,4.5,-6.69,0.684,0.406,0.421,Medium
28.499705,77.463395,284.11,161.24,22.55,sandy,49.35,1.0,4.83,-18.63,0.431,0.006,0.406,Medium
28.50951,77.168789,236.07,207.46,15.93,sandy,68.33,3.57,2.07,-16.18,0.325,0.154,0.48,Medium
28.64463,77.130006,230.95,294.36,14.17,sandy,14.37,8.48,1.01,-11.77,0.912,0.998,0.481,Medium
28.610213,77.418249,246.17,433.63,21.91,loamy,95.83,4.08,0.23,-9.44,0.81,0.268,0.643,Medium
28.505078,77.205606,52.01,398.66,9.98,sandy,61.15,5.35,0.15,-9.78,0.873,0.747,0.368,Medium
28.567189,77.006058,231.05,318.99,24.71,loamy,48.48,8.45,4.11,-10.6,0.487,0.841,0.48,Medium
28.361143,77.134363,62.92,194.62,8.11,sandy,31.78,0.42,1.02,-6.16,0.378,0.691,0.38,Medium
28.503776,77.491835,171.91,249.13,19.17,sandy,25.12,0.19,1.68,-4.29,0.761,0.045,0.329,Low
28.472879,77.084293,185.1,135.13,19.52,clay,4.43,2.33,0.45,-2.22,0.6,0.763,0.51,Medium
28.412147,77.420766,5.27,95.6,9.37,sandy,9.64,7.44,3.32,-13.22,0.533,0.46,0.189,Low
28.682267,77.056839,92.63,256.74,12.76,sandy,90.91,5.23,0.79,-24.91,0.522,0.724,0.476,Medium
28.428,77.320694,262.14,348.17,24.18,sandy,57.06,1.59,3.23,-19.51,0.971,0.429,0.482,Medium
28.444238,77.274318,214.93,378.37,4.97,loamy,48.06,9.28,1.05,-3.77,0.443,0.7,0.498,Medium
28.372717,77.295178,197.16,321.12,20.44,sandy,98.17,5.3,4.47,-5.89,0.469,0.501,0.504,Medium
28.358673,77.190742,108.54,169.94,9.37,loamy,59.37,0.23,2.1,-21.18,0.134,0.725,0.447,Medium
28.489503,77.225155,150.78,289.64,29.42,clay,22.8,6.79,2.87,-24.1,0.813,0.763,0.378,Medium
28.629569,77.436461,214.34,313.84,13.44,loamy,55.22,8.1,4.92,-10.48,0.703,0.071,0.355,Medium
28.468288,77.15698,60.76,262.42,29.66,clay,54.46,6.24,0.2,-13.69,0.21,0.514,0.354,Medium
28.325921,77.247056,17.42,290.52,11.09,clay,76.21,6.27,0.84,-4.33,0.21,0.264,0.348,Medium
28.46441,77.262562,258.37,479.74,20.56,sandy,15.09,5.94,3.41,-20.49,0.936,0.786,0.415,Medium
28.552814,77.16687,26.46,439.25,16.4,sandy,56.71,7.89,2.61,-15.33,0.656,0.762,0.281,Low
28.353526,77.404211,194.66,244.23,27.46,sandy,76.04,9.66,0.18,-22.04,0.455,0.132,0.384,Medium
28.358694,77.277418,116.29,303.35,6.93,sandy,70.64,6.63,4.25,-8.47,0.607,0.454,0.365,Medium
28.585539,77.022119,147.25,230.12,18.43,clay,78.29,8.65,4.98,-20.22,0.354,0.446,0.445,Medium
28.476904,77.369868,229.78,419.93,19.75,clay,10.02,3.29,3.16,-7.97,0.768,0.44,0.423,Medium
28.442991,77.321854,157.44,308.93,20.27,clay,51.66,7.11,1.4,-23.88,0.368,0.509,0.408,Medium
28.688743,77.155682,92.57,241.7,1.54,clay,10.24,1.52,1.13,-8.8,0.323,0.049,0.281,Low
28.696192,77.056915,188.34,196.77,28.03,loamy,7.46,0.37,3.19,-3.04,0.45,0.446,0.349,Medium
28.652992,77.11606,292.06,402.15,18.83,sandy,51.24,2.63,4.88,-10.64,0.293,0.915,0.602,Medium
28.627761,77.211629,256.87,476.89,24.43,sandy,21.79,1.35,1.6,-19.53,0.499,0.662,0.45,Medium
28.442027,77.472452,109.82,353.21,4.81,clay,66.94,6.63,1.17,-12.27,0.962,0.774,0.489,Medium
28.315098,77.282467,26.62,279.61,27.65,loamy,64.25,9.96,1.13,-20.62,0.09,0.855,0.331,Medium
28.327589,77.17348,221.66,268.77,17.49,clay,2.4,4.67,1.04,-17.71,0.384,0.471,0.409,Medium
28.370674,77.061166,222.9,286.15,16.34,loamy,92.16,4.87,3.7,-1.92,0.61,0.425,0.64,Medium
28.434668,77.474152,269.27,38.46,19.93,loamy,55.18,6.46,4.71,-2.72,0.099,0.788,0.603,Medium
28.409383,77.239756,209.72,29.29,17.72,clay,20.34,4.87,2.25,-24.35,0.996,0.591,0.496,Medium
28.35015,77.202534,199.33,498.46,29.13,clay,2.87,1.52,4.81,-9.14,0.969,0.749,0.386,Medium
28.558324,77.192235,245.75,58.29,26.72,loamy,45.24,1.23,3.73,-0.25,0.414,0.953,0.607,Medium
28.698953,77.373303,274.58,138.94,24.34,clay,13.44,8.49,0.64,-8.0,0.979,0.269,0.476,Medium
28.315847,77.449822,62.63,218.86,12.7,sandy,42.1,3.58,3.7,-22.66,0.864,0.614,0.298,Low
28.554266,77.138039,121.08,137.17,0.81,sandy,24.53,8.58,0.31,-17.4,0.395,0.36,0.348,Medium
28.356045,77.404502,244.07,55.02,11.51,loamy,12.82,2.18,2.84,-5.44,0.357,0.905,0.566,Medium
28.544936,77.167428,174.79,78.98,5.48,loamy,37.56,8.81,4.06,-17.53,0.045,0.216,0.363,Medium
28.617125,77.407177,97.01,486.4,22.29,sandy,6.35,7.22,1.04,-1.58,0.969,0.779,0.298,Low
28.402327,77.274663,144.33,90.28,27.32,sandy,0.08,4.69,1.21,-19.16,0.253,0.361,0.274,Low
28.595575,77.041846,205.99,146.21,24.88,sandy,9.28,2.61,3.91,-13.55,0.517,0.59,0.385,Medium
28.325411,77.437424,2.42,6.98,9.67,sandy,49.55,4.35,0.47,-20.14,0.698,0.804,0.378,Medium
28.32391,77.361543,160.77,482.51,2.57,sandy,8.43,0.92,0.32,-19.28,0.481,0.413,0.318,Low
28.678115,77.007391,239.53,38.81,13.68,sandy,67.14,6.31,1.6,-17.47,0.331,0.454,0.534,Medium
28.556926,77.325849,0.69,431.86,24.66,loamy,24.44,8.09,0.36,-1.45,0.179,0.743,0.204,Low
28.313296,77.092343,16.27,479.47,12.95,sandy,64.7,9.42,4.55,-24.53,0.326,0.831,0.239,Low
28.59636,77.047919,236.48,13.65,12.27,sandy,31.5,2.56,3.69,-10.84,0.019,0.983,0.598,Medium
28.657135,77.102903,222.06,70.32,4.07,sandy,3.74,9.91,1.16,-0.57,0.13,0.665,0.461,Medium
28.451112,77.327508,28.68,331.63,18.42,sandy,7.55,7.58,1.28,-17.33,0.224,0.101,0.071,Low
28.369724,77.090768,113.65,486.43,23.9,sandy,73.29,2.54,4.16,-14.71,0.283,0.126,0.257,Low
28.500239,77.149201,241.25,304.71,12.85,sandy,26.37,5.12,2.15,-18.31,0.745,0.73,0.477,Medium
28.442644,77.218633,136.15,335.01,18.75,clay,24.25,6.62,2.75,-9.37,0.177,0.472,0.341,Medium
28.461906,77.387199,100.38,88.78,11.51,clay,37.09,3.33,4.24,-18.31,0.764,0.39,0.356,Medium
28.615014,77.436169,153.27,309.79,12.5,sandy,26.66,7.83,1.85,-18.77,0.849,0.698,0.355,Medium
28.651263,77.388727,284.69,461.9,11.81,clay,66.69,3.38,2.81,-7.53,0.7,0.408,0.588,Medium
28.652278,77.288293,266.47,373.97,4.62,sandy,91.08,7.55,1.94,-1.91,0.151,0.103,0.625,Medium
28.362662,77.228833,193.46,467.01,28.53,clay,54.71,2.25,1.36,-1.5,0.287,0.549,0.494,Medium
28.471666,77.334378,7.84,392.4,11.8,loamy,29.6,4.7,3.19,-9.6,0.752,0.759,0.258,Low
28.330866,77.048091,258.13,336.91,15.0,sandy,89.69,5.15,0.98,-13.45,0.029,0.023,0.6,Medium
28.489594,77.18977,141.46,83.02,24.9,sandy,9.54,5.36,2.12,-12.95,0.554,0.712,0.373,Medium
28.355975,77.365958,172.15,58.91,29.38,clay,39.82,1.96,3.84,-5.43,0.442,0.184,0.424,Medium
28.635331,77.374333,297.45,316.42,11.66,clay,34.45,4.05,4.59,-20.22,0.109,0.139,0.472,Medium
28.64423,77.294316,269.78,5.67,11.86,loamy,50.56,6.65,4.97,-22.25,0.642,0.703,0.558,Medium
28.416853,77.230082,186.13,225.75,20.17,loamy,88.9,2.24,1.64,-10.0,0.033,0.956,0.613,Medium
28.439962,77.386679,8.26,200.68,21.55,loamy,27.21,5.85,3.81,-22.97,0.226,0.272,0.119,Low
28.490495,77.332942,249.97,328.4,6.15,loamy,53.35,1.0,0.23,-10.92,0.797,0.265,0.514,Medium
28.682005,77.432488,148.09,108.26,2.22,sandy,54.44,1.04,0.05,-17.93,0.654,0.59,0.514,Medium
28.608664,77.02378,93.47,449.48,4.85,clay,15.05,5.62,4.41,-3.67,0.926,0.404,0.279,Low
28.313192,77.482408,262.85,301.11,7.39,sandy,95.48,7.7,1.29,-2.62,0.935,0.302,0.675,High
28.362375,77.029957,95.78,37.34,1.84,loamy,98.44,0.96,4.19,-1.8,0.1,0.921,0.611,Medium
28.331935,77.393602,29.66,350.95,2.59,loamy,20.33,1.35,3.53,-10.43,0.309,0.848,0.283,Low
28.354144,77.453106,200.7,2.15,29.12,loamy,80.3,0.88,0.46,-21.69,0.534,0.851,0.722,High
28.354687,77.242289,209.16,386.3,18.23,clay,47.64,5.1,2.45,-17.64,0.429,0.605,0.472,Medium
28.615447,77.039846,275.39,249.66,18.44,sandy,98.59,1.22,2.89,-17.84,0.25,0.152,0.646,Medium
28.650791,77.038068,71.24,460.04,6.53,sandy,59.68,4.33,3.31,-15.29,0.407,0.253,0.247,Low
28.366888,77.161587,227.3,248.42,9.36,sandy,13.89,3.63,2.43,-4.78,0.934,0.467,0.433,Medium
28.581915,77.137959,157.71,454.91,12.78,loamy,50.67,9.82,2.99,-0.47,0.031,0.106,0.308,Low
28.580302,77.170367,135.43,469.54,27.51,sandy,36.41,5.05,4.43,-3.71,0.184,0.638,0.303,Low
28.362425,77.202104,228.13,180.81,11.01,sandy,87.4,4.76,3.32,-22.92,0.859,0.654,0.667,High
28.635533,77.002547,245.52,254.62,28.67,loamy,18.0,0.41,3.5,-13.87,0.808,0.877,0.474,Medium
28.555269,77.406365,122.75,299.75,20.17,clay,80.42,1.0,0.68,-21.48,0.472,0.169,0.419,Medium
28.344528,77.175587,237.82,80.67,6.88,loamy,18.1,5.56,1.42,-11.6,0.471,0.866,0.555,Medium
28.443166,77.302998,178.65,15.97,8.19,sandy,75.13,2.68,3.03,-22.1,0.373,0.782,0.589,Medium
28.674405,77.173515,8.91,426.5,23.23,sandy,96.72,9.44,4.64,-20.88,0.643,0.592,0.278,Low
28.303062,77.46474,86.78,319.78,28.08,sandy,48.94,9.81,2.99,-13.39,0.24,0.128,0.195,Low
28.640595,77.011865,90.03,311.03,27.3,clay,32.94,3.01,3.07,-3.21,0.126,0.762,0.409,Medium
28.338243,77.327893,86.37,277.84,24.0,sandy,88.38,1.29,0.18,-22.87,0.51,0.555,0.429,Medium
28.309029,77.111007,103.31,490.67,16.78,clay,2.49,9.95,2.32,-10.37,0.115,0.146,0.157,Low
28.564261,77.362693,215.62,125.29,27.53,sandy,72.05,5.96,0.07,-4.64,0.553,0.958,0.757,High
28.613699,77.296178,91.82,384.08,16.34,sandy,57.59,7.37,4.17,-9.93,0.43,0.638,0.34,Medium
28.443714,77.076613,182.32,271.61,0.44,sandy,4.85,3.32,2.3,-19.16,0.756,0.371,0.349,Medium
28.333198,77.159174,133.25,46.62,6.68,loamy,6.91,5.88,2.76,-21.5,0.22,0.02,0.222,Low
28.491564,77.199234,184.13,320.07,25.47,sandy,30.13,7.74,2.49,-2.27,0.323,0.876,0.425,Medium
28.412794,77.092093,223.18,450.48,5.22,sandy,0.48,0.32,0.4,-7.26,0.308,0.72,0.443,Medium
28.676919,77.19916,32.4,267.29,9.46,sandy,95.67,9.28,1.92,-4.15,0.563,0.379,0.343,Medium
28.365817,77.226089,71.75,381.44,6.65,sandy,79.48,6.76,1.46,-20.47,0.222,0.083,0.276,Low
28.668649,77.06965,116.06,23.05,0.61,clay,60.51,3.92,4.52,-7.75,0.6,0.443,0.474,Medium
28.418196,77.078487,41.65,65.51,9.06,loamy,54.16,7.69,4.53,-16.02,0.241,0.176,0.237,Low
28.541649,77.23742,297.16,2.48,6.64,sandy,35.5,0.33,1.08,-4.02,0.586,0.5,0.628,Medium
28.612094,77.410662,2.28,75.61,12.54,loamy,4.87,5.76,3.21,-19.71,0.619,0.489,0.173,Low
28.541481,77.001031,193.84,91.9,17.45,sandy,9.95,1.46,4.21,-15.59,0.718,0.281,0.342,Medium
28.505649,77.184233,290.95,154.55,21.81,loamy,62.16,8.99,1.13,-17.86,0.78,0.727,0.621,Medium
28.354687,77.117166,288.71,325.44,14.06,clay,53.45,0.75,1.66,-17.76,0.734,0.838,0.667,High
28.612949,77.059135,88.71,378.47,5.87,loamy,91.24,9.2,3.35,-0.65,0.428,0.421,0.386,Medium
28.323365,77.088398,141.28,448.17,12.54,sandy,78.38,1.6,0.43,-7.49,0.321,0.547,0.466,Medium
28.329672,77.360681,17.96,66.02,2.08,sandy,47.85,5.47,4.64,-24.4,0.629,0.478,0.267,Low
28.43412,77.067742,59.53,243.15,16.17,loamy,7.16,1.38,4.09,-12.08,0.284,0.513,0.225,Low
28.664646,77.041894,85.82,76.11,9.35,sandy,2.89,7.46,2.27,-16.58,0.908,0.57,0.283,Low
28.663146,77.074251,72.99,348.65,6.22,sandy,34.46,6.59,2.51,-15.5,0.613,0.127,0.197,Low
28.685777,77.356803,30.98,329.56,6.05,loamy,41.27,5.7,4.41,-16.48,0.21,0.524,0.218,Low
28.339345,77.137395,261.24,407.26,24.11,sandy,42.8,2.93,2.16,-3.36,0.877,0.872,0.551,Medium
28.622193,77.243926,298.03,157.96,10.36,clay,90.96,4.89,4.17,-8.18,0.314,0.751,0.853,High
28.690971,77.130089,132.39,146.75,12.78,sandy,81.41,5.78,3.54,-4.24,0.022,0.407,0.439,Medium
28.302325,77.206638,38.88,283.74,9.81,loamy,33.38,1.1,4.09,-23.64,0.422,0.126,0.162,Low
28.467156,77.246095,179.18,115.71,9.59,sandy,44.08,7.78,1.29,-3.07,0.866,0.073,0.388,Medium
28.420465,77.434338,197.02,450.52,5.58,clay,29.27,4.93,2.75,-3.57,0.935,0.699,0.496,Medium
28.302501,77.455354,291.74,361.52,13.91,clay,37.36,8.64,1.46,-8.61,0.459,0.204,0.493,Medium
28.51188,77.046804,135.84,340.32,28.41,clay,14.4,2.43,2.22,-6.72,0.156,0.056,0.265,Low
28.581264,77.158328,215.33,197.35,12.01,clay,1.18,1.97,3.15,-8.23,0.849,0.784,0.52,Medium
28.470535,77.002172,20.21,69.16,23.81,sandy,82.17,8.41,4.46,-7.0,0.518,0.503,0.322,Low
28.455079,77.126564,289.41,271.57,6.14,clay,42.29,4.51,2.88,-24.43,0.79,0.166,0.512,Medium
28.516103,77.202736,217.13,319.07,20.92,sandy,85.18,6.4,1.27,-2.07,0.891,0.877,0.719,High
28.309611,77.492686,275.17,139.97,21.46,sandy,86.71,1.46,3.11,-5.91,0.094,0.564,0.736,High
28.319967,77.326542,267.0,0.46,3.25,sandy,39.15,4.75,3.94,-11.74,0.691,0.708,0.577,Medium
28.65111,77.108369,157.18,254.79,19.17,clay,3.57,2.55,0.34,-17.95,0.272,0.064,0.288,Low
28.65745,77.169965,206.13,416.82,5.73,loamy,10.3,5.15,1.09,-17.24,0.32,0.506,0.352,Medium
28.549786,77.006011,276.65,258.16,9.53,sandy,11.0,8.41,2.25,-18.44,0.091,0.927,0.497,Medium
28.655431,77.395155,197.12,202.4,18.19,loamy,64.58,2.04,3.51,-14.1,0.107,0.516,0.481,Medium
28.692381,77.25868,126.72,42.59,17.14,clay,38.54,3.56,3.68,-11.97,0.664,0.16,0.353,Medium
28.647914,77.359709,259.45,166.42,29.37,sandy,18.96,3.57,2.7,-10.3,0.422,0.44,0.424,Medium
28.447847,77.182373,71.82,123.73,19.68,clay,50.92,2.82,1.94,-8.51,0.094,0.905,0.505,Medium
28.43406,77.021657,204.4,269.71,8.03,loamy,54.81,6.05,1.04,-4.63,0.776,0.006,0.41,Medium
28.436389,77.078795,247.72,89.38,22.62,loamy,56.02,6.47,1.28,-23.26,0.371,0.739,0.543,Medium
28.427974,77.437394,111.19,149.91,3.19,sandy,80.38,4.67,0.95,-2.12,0.535,0.564,0.511,Medium
28.6544,77.421185,191.67,382.76,6.71,clay,84.46,9.5,3.97,-13.27,0.92,0.95,0.584,Medium
28.651528,77.250631,42.06,64.14,21.97,loamy,92.15,1.98,3.9,-23.46,0.443,0.083,0.281,Low
28.630912,77.358164,83.6,96.73,20.25,loamy,88.84,9.64,1.74,-8.53,0.849,0.692,0.462,Medium
28.48786,77.378696,250.27,391.85,27.1,clay,67.79,5.83,2.37,-15.6,0.71,0.435,0.526,Medium
28.461054,77.227629,88.8,303.63,21.7,sandy,85.47,1.95,3.89,-24.6,0.615,0.367,0.325,Low
28.629648,77.140774,41.52,337.23,20.46,sandy,78.03,6.24,4.79,-20.44,0.838,0.579,0.302,Low
28.397551,77.311883,3.99,10.63,20.8,loamy,24.32,0.5,0.57,-12.68,0.641,0.114,0.221,Low
28.431501,77.372611,28.85,34.62,21.27,clay,41.91,0.31,0.16,-14.97,0.561,0.718,0.438,Medium
28.637878,77.454868,179.36,431.76,27.56,sandy,31.86,5.08,3.57,-16.05,0.894,0.6,0.322,Low
28.528182,77.235997,27.39,126.07,7.27,clay,50.54,4.13,3.17,-3.67,0.679,0.24,0.316,Low
28.650639,77.04581,298.47,247.43,4.16,loamy,42.33,1.46,2.59,-17.24,0.539,0.264,0.527,Medium
28.660657,77.494251,149.42,64.27,0.08,clay,68.92,7.35,3.29,-24.48,0.391,0.05,0.408,Medium
28.598513,77.394955,95.89,294.61,16.78,sandy,20.85,1.43,4.39,-14.98,0.652,0.73,0.331,Medium
28.57843,77.099074,70.34,449.3,25.35,clay,38.14,7.13,4.16,-19.98,0.013,0.907,0.311,Low
28.315087,77.026208,246.23,294.32,1.98,loamy,11.4,0.04,4.7,-3.66,0.532,0.045,0.362,Medium
28.692959,77.11532,209.71,139.34,10.05,clay,60.01,1.8,3.41,-9.46,0.23,0.923,0.666,High
28.553343,77.20858,26.56,385.16,11.82,loamy,64.27,5.12,4.05,-21.49,0.137,0.635,0.277,Low
28.439516,77.492071,228.31,151.55,13.77,loamy,25.64,4.58,0.02,-16.31,0.718,0.074,0.399,Medium
28.699146,77.018168,104.66,274.24,6.36,clay,24.45,8.62,2.16,-1.75,0.605,0.619,0.385,Medium
28.355803,77.27885,296.23,373.5,4.2,loamy,23.28,9.99,3.67,-16.1,0.029,0.728,0.484,Medium
28.494329,77.239468,260.03,254.54,14.36,clay,12.53,5.31,4.05,-19.58,0.927,0.432,0.441,Medium
28.565921,77.178768,26.33,327.37,26.37,clay,16.15,9.24,0.86,-21.03,0.425,0.435,0.19,Low
28.576452,77.005597,209.77,97.36,19.31,sandy,39.52,8.17,0.85,-11.24,0.641,0.676,0.509,Medium
28.686982,77.000338,87.43,291.87,24.25,loamy,10.62,3.23,3.11,-12.99,0.152,0.323,0.205,Low
28.498402,77.148193,164.71,93.98,16.71,clay,53.22,3.17,4.62,-2.04,0.941,0.291,0.478,Medium
28.343744,77.473612,116.26,241.42,17.48,loamy,95.34,1.39,4.79,-3.43,0.867,0.351,0.422,Medium
28.513151,77.040139,34.25,488.5,15.77,sandy,87.3,3.61,0.22,-7.04,0.184,0.27,0.313,Low
28.372379,77.473947,168.35,444.5,10.49,loamy,4.98,2.33,0.08,-21.47,0.196,0.123,0.25,Low
28.35997,77.31681,19.14,253.59,25.07,sandy,27.52,5.72,4.85,-14.96,0.643,0.345,0.163,Low
28.36482,77.425491,122.42,105.41,3.57,loamy,38.44,8.86,0.07,-1.19,0.639,0.02,0.314,Low
28.404672,77.086381,115.47,355.29,4.17,clay,57.42,3.63,2.35,-5.18,0.635,0.994,0.557,Medium
28.430653,77.442065,207.11,403.38,22.88,sandy,94.6,9.61,1.84,-14.8,0.777,0.496,0.563,Medium
28.452172,77.451609,236.7,180.94,9.12,clay,21.89,3.3,0.33,-15.48,0.429,0.549,0.54,Medium
28.629089,77.176968,262.2,99.31,22.43,sandy,19.83,2.97,3.71,-19.28,0.94,0.353,0.427,Medium
28.471584,77.080011,124.95,247.26,13.03,sandy,29.97,3.13,0.77,-3.48,0.811,0.473,0.379,Medium
28.30183,77.253946,182.68,121.85,23.19,loamy,77.15,6.1,1.09,-4.27,0.252,0.244,0.492,Medium
28.472249,77.298531,101.16,267.79,10.68,clay,79.04,3.19,0.3,-0.14,0.032,0.175,0.444,Medium
28.485392,77.366408,2.46,228.94,8.41,clay,75.82,7.58,2.84,-7.58,0.447,0.915,0.445,Medium
28.356751,77.486055,94.42,317.47,27.66,loamy,96.95,0.05,2.81,-24.29,0.422,0.335,0.389,Medium
28.343975,77.019226,39.8,348.6,0.15,clay,2.32,1.85,2.81,-17.21,0.343,0.885,0.315,Low
28.485598,77.132412,205.13,336.17,6.98,sandy,49.15,8.58,3.79,-20.3,0.797,0.725,0.432,Medium
28.356894,77.32841,172.83,137.39,26.07,loamy,18.47,4.61,1.32,-11.22,0.84,0.38,0.343,Medium
28.567135,77.055505,15.33,181.74,6.7,sandy,71.49,3.5,1.46,-1.14,0.26,0.757,0.447,Medium
28.619275,77.411899,187.74,292.3,9.73,sandy,66.56,9.23,1.72,-16.06,0.756,0.22,0.393,Medium
28.3125,77.382434,40.71,93.24,25.36,loamy,19.98,4.42,1.93,-0.06,0.14,0.087,0.188,Low
28.490251,77.481661,215.74,381.25,22.41,clay,25.73,1.02,3.77,-24.28,0.258,0.119,0.355,Medium
28.562001,77.196127,4.23,310.72,1.78,loamy,8.38,8.32,1.2,-5.25,0.235,0.618,0.209,Low
28.329501,77.372366,282.31,155.38,0.97,sandy,61.55,5.9,0.71,-4.48,0.914,0.704,0.665,High
28.391026,77.401915,284.29,476.13,6.46,clay,82.78,5.31,2.78,-1.07,0.309,0.344,0.724,High
28.563028,77.325106,17.16,184.65,24.48,loamy,36.63,8.59,0.72,-20.61,0.722,0.107,0.133,Low
28.488552,77.383554,132.47,233.28,18.19,sandy,71.83,2.93,0.12,-17.87,0.259,0.895,0.527,Medium
28.582899,77.323448,74.62,441.47,11.18,clay,8.46,0.38,3.27,-21.08,0.981,0.484,0.239,Low
28.557007,77.160347,122.4,341.66,3.44,loamy,46.77,1.27,4.52,-1.0,0.809,0.91,0.459,Medium
28.364689,77.055771,128.21,342.65,2.5,sandy,50.34,2.29,3.09,-21.08,0.594,0.246,0.324,Low
28.330206,77.161132,65.35,230.25,23.34,sandy,2.69,1.37,2.57,-13.72,0.001,0.643,0.248,Low
28.537943,77.309375,218.7,186.58,5.89,sandy,31.78,0.1,4.94,-24.85,0.776,0.377,0.423,Medium
28.397614,77.247184,183.88,443.53,22.34,sandy,34.62,0.55,2.97,-12.43,0.453,0.397,0.339,Medium
28.611645,77.1361,181.38,359.41,6.17,loamy,68.98,6.79,1.49,-23.28,0.711,0.146,0.383,Medium
28.516681,77.048129,22.66,121.79,16.48,sandy,17.25,0.48,3.75,-22.5,0.245,0.375,0.179,Low
28.424202,77.074449,29.56,267.71,16.41,sandy,23.6,0.32,2.75,-20.08,0.731,0.881,0.31,Low
28.509189,77.361832,191.15,111.13,25.23,sandy,56.53,6.68,0.43,-1.54,0.479,0.246,0.444,Medium
28.305052,77.374543,177.75,153.13,14.58,loamy,4.62,0.23,0.65,-18.58,0.717,0.781,0.462,Medium
28.66533,77.228376,130.11,134.5,10.96,clay,79.45,6.71,4.19,-16.98,0.18,0.459,0.477,Medium
28.332371,77.055065,234.32,376.74,18.67,clay,30.39,2.6,1.82,-9.86,0.142,0.395,0.46,Medium
28.629081,77.30002,136.06,249.26,7.09,loamy,68.44,1.16,3.78,-12.47,0.415,0.141,0.368,Medium
28.533862,77.200396,40.34,200.86,24.88,clay,44.06,2.19,0.13,-15.91,0.207,0.098,0.274,Low
28.640829,77.238914,85.95,496.38,4.98,sandy,68.74,9.28,3.81,-17.78,0.381,0.069,0.201,Low
28.456393,77.190632,148.27,102.4,6.55,sandy,68.0,0.72,2.29,-5.52,0.684,0.174,0.457,Medium
28.449837,77.147761,68.03,300.48,29.71,clay,20.72,9.23,1.31,-24.32,0.25,0.313,0.206,Low
28.526151,77.296578,270.72,463.49,6.49,loamy,77.94,2.31,0.14,-11.47,0.486,0.603,0.713,High
28.460626,77.113507,252.88,382.75,17.3,sandy,95.21,7.79,3.53,-1.3,0.114,0.644,0.689,High
28.32306,77.164915,66.92,32.21,27.24,sandy,74.28,6.86,2.9,-22.95,0.452,0.128,0.266,Low
28.491926,77.259297,6.13,268.24,13.39,loamy,98.89,4.0,0.27,-4.32,0.335,0.448,0.391,Medium
28.616023,77.363589,196.85,416.32,14.31,sandy,61.43,6.24,0.28,-20.97,0.868,0.106,0.343,Medium
28.411664,77.426834,237.16,493.92,10.68,clay,55.29,5.35,0.51,-1.49,0.968,0.433,0.533,Medium
28.552737,77.342356,287.27,353.28,12.19,sandy,99.32,2.0,0.47,-10.09,0.981,0.367,0.728,High
28.62719,77.372423,225.99,51.68,17.9,loamy,21.79,9.14,2.54,-22.78,0.839,0.211,0.369,Medium
28.584211,77.324135,266.12,26.78,15.91,clay,69.77,1.14,1.04,-4.42,0.5,0.426,0.684,High
28.37541,77.341634,51.52,194.51,24.07,loamy,42.16,1.21,4.19,-23.08,0.614,0.527,0.259,Low
28.314652,77.423942,93.14,301.03,1.69,loamy,16.33,3.57,1.48,-12.1,0.333,0.225,0.259,Low
28.661522,77.410164,70.33,298.85,17.58,clay,12.37,4.82,1.39,-6.69,0.604,0.154,0.252,Low
28.610878,77.445988,31.75,404.36,2.09,loamy,73.98,3.23,4.4,-23.33,0.739,0.981,0.403,Medium
28.401624,77.246766,126.29,89.75,28.05,clay,99.15,7.07,2.03,-24.07,0.696,0.395,0.488,Medium
28.404448,77.129104,247.44,361.66,16.65,sandy,9.38,3.9,3.88,-9.92,0.009,0.772,0.441,Medium
28.459977,77.330739,101.3,478.97,1.38,loamy,69.58,3.06,4.41,-10.52,0.465,0.63,0.405,Medium
28.312844,77.492636,183.38,433.12,21.08,loamy,63.61,8.92,1.64,-1.36,0.926,0.419,0.409,Medium
28.326617,77.103098,288.9,235.23,28.03,loamy,47.82,1.36,2.39,-19.34,0.294,0.011,0.44,Medium
28.422252,77.325228,193.9,367.49,28.35,sandy,61.67,8.8,4.2,-19.26,0.809,0.412,0.371,Medium
28.373931,77.117344,93.8,450.89,2.82,loamy,64.88,3.1,1.34,-17.59,0.972,0.873,0.43,Medium
28.567761,77.334077,47.2,139.76,24.26,clay,0.73,6.01,2.2,-16.22,0.894,0.091,0.171,Low
28.505902,77.328685,293.96,208.26,8.22,loamy,57.6,1.03,2.47,-20.19,0.539,0.707,0.641,Medium
28.486983,77.159959,249.25,67.12,25.16,clay,68.44,6.24,2.54,-4.38,0.386,0.076,0.547,Medium
28.611961,77.013581,59.89,191.67,18.5,sandy,57.79,9.9,0.18,-1.08,0.242,0.382,0.325,Low
28.533234,77.468271,127.03,86.63,5.04,sandy,23.17,3.84,2.84,-22.68,0.065,0.823,0.431,Medium
28.37675,77.338404,250.73,396.52,23.5,sandy,28.04,6.31,0.74,-24.94,0.425,0.178,0.345,Medium
28.408064,77.095658,241.79,337.27,16.16,sandy,23.81,2.09,1.85,-1.52,0.738,0.381,0.455,Medium
28.401761,77.018641,130.4,404.19,24.36,sandy,24.91,5.62,1.92,-9.49,0.134,0.33,0.239,Low
28.407595,77.170013,249.86,288.81,10.42,clay,85.26,6.34,4.68,-4.83,0.989,0.609,0.744,High
28.668465,77.421764,259.69,124.37,12.81,clay,87.36,4.22,1.63,-16.93,0.096,0.862,0.836,High
28.317921,77.228953,240.77,261.52,0.14,clay,79.82,3.4,0.68,-12.28,0.455,0.935,0.856,High
28.595829,77.30526,120.59,188.65,28.89,loamy,58.9,6.11,1.29,-24.59,0.701,0.458,0.366,Medium
28.556991,77.436091,259.96,216.62,1.54,clay,62.12,9.08,0.4,-0.92,0.215,0.524,0.654,Medium
28.680437,77.466171,134.41,168.36,14.41,sandy,43.21,3.26,3.26,-23.09,0.728,0.422,0.333,Medium
28.338369,77.245697,87.76,281.49,21.7,sandy,28.41,2.07,4.83,-9.73,0.64,0.435,0.262,Low
28.307459,77.488202,277.91,162.1,27.28,loamy,78.15,4.09,3.54,-5.23,0.229,0.343,0.64,Medium
28.62993,77.374695,79.29,88.97,16.83,sandy,83.14,5.37,0.84,-16.72,0.446,0.301,0.373,Medium
28.352021,77.027849,258.66,429.63,16.17,clay,99.9,4.28,0.86,-15.59,0.831,0.514,0.749,High
28.551674,77.380296,74.81,323.41,17.19,clay,40.72,5.59,0.26,-15.37,0.323,0.351,0.303,Low
28.635959,77.010868,23.84,382.06,13.18,loamy,60.11,0.84,4.03,-8.79,0.002,0.294,0.259,Low
28.643862,77.073715,260.47,354.06,13.79,loamy,75.9,0.49,1.08,-16.81,0.147,0.945,0.77,High
28.386253,77.152022,84.38,314.43,7.74,loamy,59.77,7.47,3.59,-19.18,0.537,0.674,0.337,Medium
28.38894,77.219872,126.5,238.39,25.27,clay,44.85,2.2,0.62,-13.84,0.28,0.357,0.401,Medium
28.471203,77.337601,267.06,194.06,28.3,loamy,31.32,0.41,3.07,-2.26,0.915,0.605,0.54,Medium
28.405986,77.247898,232.01,187.17,8.18,sandy,23.94,2.85,2.51,-16.64,0.587,0.848,0.524,Medium
28.483878,77.126875,247.75,13.75,22.6,sandy,38.93,4.2,2.38,-24.37,0.872,0.023,0.411,Medium
28.4685,77.177346,92.44,222.58,5.99,sandy,31.71,4.71,1.04,-5.58,0.059,0.588,0.385,Medium
28.55734,77.023256,255.33,369.24,23.89,sandy,35.71,5.06,1.21,-17.74,0.263,0.244,0.408,Medium
28.620196,77.327347,126.8,123.0,28.61,clay,86.49,1.3,2.06,-0.4,0.631,0.915,0.639,Medium
28.305392,77.478989,78.07,14.45,29.99,clay,7.01,7.36,4.07,-10.38,0.753,0.362,0.26,Low
28.331466,77.344717,179.36,283.85,22.07,clay,99.36,0.87,0.51,-2.83,0.502,0.749,0.667,High
28.67166,77.200897,22.95,365.08,14.11,loamy,9.3,6.43,3.24,-12.22,0.669,0.281,0.111,Low
28.53342,77.199948,195.27,390.99,11.5,clay,70.82,0.16,1.86,-21.67,0.404,0.978,0.626,Medium
28.30671,77.320952,20.34,359.16,21.04,loamy,0.36,1.8,3.52,-12.59,0.908,0.855,0.208,Low
28.63527,77.340205,186.94,211.17,27.44,sandy,5.48,0.67,4.38,-11.7,0.376,0.308,0.293,Low
28.647046,77.106607,177.23,45.14,13.61,clay,33.96,2.61,1.5,-17.44,0.128,0.188,0.442,Medium
28.41281,77.008344,269.16,436.88,4.99,clay,78.31,4.81,1.13,-16.07,0.082,0.916,0.803,High
28.601913,77.203144,93.03,433.53,14.91,sandy,20.38,9.69,4.59,-23.09,0.674,0.009,0.078,Low
28.449555,77.133768,283.4,209.2,9.55,clay,34.93,9.51,4.68,-5.6,0.365,0.168,0.458,Medium
28.520151,77.163934,263.05,403.37,1.74,loamy,30.36,8.86,3.97,-23.1,0.171,0.998,0.529,Medium
28.432117,77.403826,251.85,486.5,3.32,loamy,75.79,1.78,2.69,-1.44,0.097,0.22,0.607,Medium
28.681838,77.04585,267.46,382.71,21.97,clay,96.05,0.65,1.29,-15.37,0.259,0.704,0.81,High
28.36922,77.457364,30.84,304.13,11.1,loamy,84.12,9.78,4.23,-3.99,0.736,0.102,0.224,Low
28.425758,77.236091,57.96,45.34,2.61,clay,8.81,2.49,1.66,-8.97,0.362,0.849,0.453,Medium
28.428291,77.019496,17.67,153.66,0.31,loamy,8.8,7.12,4.47,-9.58,0.888,0.407,0.191,Low
28.421232,77.384027,95.93,203.39,25.18,loamy,74.93,3.05,4.94,-17.41,0.783,0.742,0.399,Medium
28.536405,77.07068,281.63,428.84,17.94,sandy,5.51,3.07,0.41,-9.55,0.734,0.103,0.356,Medium
28.341857,77.347387,114.73,320.36,20.7,sandy,5.89,7.54,4.2,-7.44,0.526,0.132,0.166,Low
28.353599,77.370027,121.35,70.7,24.73,clay,15.19,0.84,4.05,-16.1,0.638,0.17,0.315,Low
28.634263,77.28424,114.44,73.01,15.87,loamy,49.66,8.0,3.54,-6.36,0.011,0.569,0.384,Medium
28.619861,77.316676,281.09,316.78,14.77,clay,55.13,4.56,3.52,-21.05,0.031,0.96,0.652,Medium
28.665148,77.133666,101.88,246.67,3.86,clay,55.65,9.39,0.72,-16.26,0.295,0.186,0.367,Medium
28.317878,77.338446,153.52,462.75,19.28,clay,14.74,6.32,2.58,-24.6,0.38,0.288,0.24,Low
28.616518,77.415877,78.64,209.25,10.76,sandy,47.71,4.51,4.02,-7.69,0.607,0.341,0.313,Low
28.309318,77.435312,190.37,486.03,17.53,sandy,39.21,6.88,1.02,-22.66,0.389,0.627,0.372,Medium
28.622104,77.110279,167.66,265.42,27.8,loamy,88.01,3.48,3.49,-2.22,0.613,0.83,0.536,Medium
28.455741,77.479491,125.01,63.99,27.82,clay,2.3,0.88,0.49,-6.83,0.194,0.382,0.391,Medium
28.492798,77.294561,199.62,223.61,26.47,clay,61.54,2.14,0.08,-16.77,0.76,0.73,0.599,Medium
28.508422,77.398819,229.59,364.93,16.8,clay,56.95,3.08,2.95,-6.16,0.26,0.809,0.606,Medium
28.682813,77.116679,132.15,280.4,17.66,clay,95.73,4.09,1.08,-23.59,0.564,0.729,0.541,Medium
28.592061,77.246712,242.35,127.92,15.32,loamy,81.47,5.29,3.85,-4.13,0.332,0.689,0.705,High
28.656368,77.18378,199.06,331.21,19.91,clay,15.89,9.06,3.58,-2.47,0.76,0.111,0.306,Low
28.398188,77.104834,131.04,254.98,10.29,loamy,29.8,9.42,2.11,-2.33,0.639,0.502,0.354,Medium
28.459689,77.161974,165.5,239.82,8.06,sandy,32.55,5.75,1.67,-23.02,0.357,0.201,0.335,Medium
28.428951,77.172306,236.19,164.88,18.86,clay,70.0,4.89,2.69,-13.57,0.276,0.967,0.659,Medium
28.554445,77.485366,115.73,443.66,27.86,loamy,32.32,1.2,3.74,-22.05,0.617,0.493,0.247,Low
28.389608,77.306564,106.68,159.15,23.03,clay,43.58,8.87,3.06,-13.99,0.599,0.238,0.327,Low
28.665406,77.02491,286.62,175.48,15.13,sandy,83.51,3.96,0.96,-24.06,0.759,0.327,0.68,High
28.555721,77.086276,84.23,63.13,8.42,loamy,74.51,3.05,3.31,-20.82,0.382,0.553,0.43,Medium
28.50796,77.12702,196.47,24.66,2.48,loamy,50.62,0.34,0.04,-19.9,0.91,0.554,0.54,Medium
28.641733,77.435234,131.59,121.01,23.84,loamy,40.02,7.47,0.52,-16.35,0.261,0.417,0.336,Medium
28.398019,77.077121,117.89,307.53,13.12,clay,93.14,8.25,2.01,-7.49,0.496,0.048,0.397,Medium
28.382484,77.462589,255.77,149.46,17.2,sandy,69.09,7.11,4.11,-16.27,0.444,0.627,0.559,Medium
28.621208,77.182215,12.77,490.56,26.38,clay,96.98,7.23,4.25,-8.77,0.656,0.557,0.344,Medium
28.569431,77.226994,262.43,274.51,2.68,sandy,18.24,2.6,4.71,-15.73,0.478,0.512,0.442,Medium
28.45817,77.222906,182.85,416.1,24.94,clay,8.22,7.81,2.81,-10.76,0.1,0.505,0.335,Medium
28.449858,77.034261,171.78,344.0,8.97,clay,60.4,1.65,1.03,-22.49,0.918,0.62,0.506,Medium
28.603734,77.379977,155.2,322.05,19.89,loamy,44.0,4.34,1.9,-17.02,0.898,0.481,0.362,Medium
28.421197,77.306379,194.59,354.18,19.16,sandy,98.4,4.32,2.35,-12.68,0.336,0.411,0.503,Medium
28.6803,77.362962,249.02,132.82,18.37,clay,48.69,9.47,3.47,-17.54,0.113,0.211,0.468,Medium
28.486648,77.497055,199.2,54.89,28.49,loamy,46.23,8.59,3.83,-9.64,0.263,0.663,0.478,Medium
28.563705,77.347117,145.13,86.47,28.28,loamy,50.05,4.01,0.52,-16.43,0.648,0.731,0.468,Medium
28.338092,77.266984,262.66,187.05,6.42,loamy,15.16,8.61,2.68,-0.83,0.35,0.018,0.388,Medium
28.599951,77.392878,251.0,242.99,17.93,clay,36.21,5.02,3.27,-14.94,0.155,0.898,0.588,Medium
28.663633,77.314035,35.27,96.71,5.03,sandy,73.61,7.87,3.19,-13.9,0.301,0.465,0.339,Medium
28.622746,77.498546,133.38,358.16,7.63,clay,66.94,4.89,4.05,-4.49,0.246,0.291,0.419,Medium
28.585458,77.285953,298.41,259.1,6.5,clay,37.29,7.67,0.19,-13.46,0.191,0.825,0.642,Medium
28.331133,77.173967,203.34,329.53,1.18,sandy,74.97,9.4,2.3,-5.24,0.27,0.033,0.513,Medium
28.580292,77.089049,158.7,156.91,2.94,clay,15.61,7.49,1.83,-4.74,0.236,0.55,0.46,Medium
28.534151,77.222585,203.06,176.47,5.94,loamy,99.99,3.68,3.37,-16.1,0.527,0.408,0.655,Medium
28.481782,77.06642,161.5,135.05,2.56,sandy,80.08,8.2,3.77,-9.7,0.074,0.19,0.434,Medium
28.66431,77.154944,147.75,154.88,18.43,loamy,85.11,9.23,1.57,-7.19,0.727,0.414,0.474,Medium
28.653776,77.475347,80.41,481.63,5.88,clay,97.34,6.68,3.32,-2.15,0.674,0.228,0.388,Medium
28.551556,77.42174,168.22,76.68,24.73,loamy,97.43,3.43,4.74,-8.27,0.237,0.729,0.584,Medium
28.67839,77.353771,239.98,70.75,15.2,clay,39.03,9.39,0.52,-4.74,0.672,0.957,0.67,High
28.366499,77.131927,197.3,161.14,4.77,sandy,92.33,5.86,3.95,-11.34,0.806,0.147,0.473,Medium
28.547479,77.153067,293.02,379.39,13.55,sandy,62.91,3.78,1.86,-19.63,0.375,0.819,0.599,Medium
28.669814,77.054688,29.27,386.23,15.97,clay,90.51,3.43,1.07,-1.97,0.188,0.966,0.525,Medium
28.357754,77.103039,247.66,321.73,3.01,loamy,44.46,9.51,2.14,-17.48,0.1,0.779,0.51,Medium
28.498662,77.040136,114.6,67.29,0.84,sandy,66.19,2.44,1.21,-18.33,0.06,0.097,0.378,Medium
28.367594,77.103529,116.75,97.8,15.24,clay,39.49,2.91,4.54,-23.84,0.573,0.991,0.498,Medium
28.493267,77.054204,163.04,387.74,11.32,clay,37.32,4.83,3.27,-7.77,0.066,0.416,0.42,Medium
28.499595,77.020898,163.68,422.78,11.84,sandy,29.98,5.01,4.07,-19.44,0.226,0.827,0.367,Medium
28.63798,77.327171,238.75,128.35,12.88,sandy,58.88,0.83,0.19,-7.05,0.685,0.231,0.543,Medium
